[Licensing::Module] Trying to connect to existing licensing client channel...
Built from '6000.3/staging' branch; Version is '6000.3.9f1 (7a9955a4f2fa) revision 8034645'; Using compiler version '194234433'; Build Type 'Release'
OS: 'Windows 11  (10.0.26200) Core' Language: 'en' Physical Memory: 16215 MB
BatchMode: 1, IsHumanControllingUs: 0, StartBugReporterOnCrash: 0, Is64bit: 1
System  architecture: x64
Process architecture: x64
Date: 2026-09-29T02:40:27Z
[Licensing::IpcConnector] Successfully connected to: "LicenseClient-andre" at "2026-09-29T02:40:27.5478317Z"
[Licensing::Client] Code 10 while verifying Licensing Client signature (process Id: 6076, path: "C:/Program Files/Unity Hub/UnityLicensingClient_V1/Unity.Licensing.Client.exe")
[Licensing::Module] LicensingClient has failed validation; ignoring
[Licensing::Client] Handshaking with LicensingClient:
  Version:                 1.18.3+d7ffd15
  Session Id:              397144f9569249e4a5b9ef50f764bdb2
  Correlation Id:          08407b8d26accef6786de5ef19589592
  External correlation Id: 391409710142811666
  Machine Id:              92m9GFNzntQwxLFijexwjnyR9zI=
[Licensing::Module] Successfully connected to LicensingClient on channel: "LicenseClient-andre" (connect: 0.00s, validation: 0.00s, handshake: 0.11s)
[Licensing::IpcConnector] Successfully connected to: "LicenseClient-andre-notifications" at "2026-09-29T02:40:27.6635234Z"
[Licensing::Module] Licensing Background thread has ended after 0.12s

COMMAND LINE ARGUMENTS:
C:\Program Files\Unity\Hub\Editor\6000.3.9f1\Editor\Unity.exe
-adb2
-batchMode
-noUpm
-name
AssetImportWorker0
-projectPath
C:/Users/andre/traversal
-logFile
Logs/AssetImportWorker0.log
-srvPort
53062
-licensingIpc
LicenseClient-andre
-job-worker-count
5
-background-job-worker-count
8
-gc-helper-count
1
-name
AssetImport
Successfully changed project path to: C:/Users/andre/traversal
C:/Users/andre/traversal
[UnityMemory] Configuration Parameters - Can be set up in boot.config
    "memorysetup-temp-allocator-size-nav-mesh-worker=65536"
    "memorysetup-temp-allocator-size-audio-worker=65536"
    "memorysetup-temp-allocator-size-gfx=262144"
    "memorysetup-allocator-temp-initial-block-size-main=262144"
    "memorysetup-allocator-temp-initial-block-size-worker=262144"
    "memorysetup-temp-allocator-size-background-worker=32768"
    "memorysetup-temp-allocator-size-job-worker=262144"
    "memorysetup-temp-allocator-size-preload-manager=33554432"
    "memorysetup-temp-allocator-size-gi-baking-worker=262144"
    "memorysetup-temp-allocator-size-gi-baking-worker=262144"
    "memorysetup-temp-allocator-size-gi-baking-worker=262144"
    "memorysetup-temp-allocator-size-gi-baking-worker=262144"
    "memorysetup-temp-allocator-size-gi-baking-worker=262144"
    "memorysetup-bucket-allocator-granularity=16"
    "memorysetup-bucket-allocator-bucket-count=8"
    "memorysetup-bucket-allocator-block-size=33554432"
    "memorysetup-bucket-allocator-block-count=8"
    "memorysetup-main-allocator-block-size=16777216"
    "memorysetup-thread-allocator-block-size=16777216"
    "memorysetup-gfx-main-allocator-block-size=16777216"
    "memorysetup-gfx-thread-allocator-block-size=16777216"
    "memorysetup-cache-allocator-block-size=4194304"
    "memorysetup-typetree-allocator-block-size=2097152"
    "memorysetup-profiler-bucket-allocator-granularity=16"
    "memorysetup-profiler-bucket-allocator-bucket-count=8"
    "memorysetup-profiler-bucket-allocator-block-size=33554432"
    "memorysetup-profiler-bucket-allocator-block-count=8"
    "memorysetup-profiler-allocator-block-size=16777216"
    "memorysetup-profiler-editor-allocator-block-size=1048576"
    "memorysetup-temp-allocator-size-main=16777216"
    "memorysetup-job-temp-allocator-block-size=2097152"
    "memorysetup-job-temp-allocator-block-size-background=1048576"
    "memorysetup-job-temp-allocator-reduction-small-platforms=262144"
    "memorysetup-temp-allocator-size-cloud-worker=32768"
Player connection [3760]  Target information:

Player connection [3760]  * "[IP] 192.168.86.250 [Port] 0 [Flags] 2 [Guid] 515637285 [EditorId] 515637285 [Version] 1048832 [Id] WindowsEditor(7,anding) [Debug] 1 [PackageName] WindowsEditor [ProjectName] Editor" 

Player connection [3760] Host joined multi-casting on [225.0.0.222:54997]...
Player connection [3760] Host joined alternative multi-casting on [225.0.0.222:34997]...
JobSystem: Creating JobQueue using job-worker-count value 5
Input System module state changed to: Initialized.
[Physics::Module] Initialized fallback backend.
[Physics::Module] Id: 0xdecafbad
Library Redirect Path: Library/
[Physics::Module] Selected backend.
[Physics::Module] Name: PhysX
[Physics::Module] Id: 0xf2b8ea05
[Physics::Module] SDK Version: 4.1.2
[Physics::Module] Integration Version: 1.0.0
[Physics::Module] Threading Mode: Multi-Threaded
Refreshing native plugins compatible for Editor in 7.93 ms, found 4 plugins.
Preloading 0 native plugins for Editor in 0.00 ms.
Initialize engine version: 6000.3.9f1 (7a9955a4f2fa)
[Subsystems] Discovering subsystems at path C:/Program Files/Unity/Hub/Editor/6000.3.9f1/Editor/Data/Resources/UnitySubsystems
[Subsystems] Discovering subsystems at path C:/Users/andre/traversal/Assets
GfxDevice: creating device client; kGfxThreadingModeNonThreaded
Direct3D:
    Version:  Direct3D 11.0 [level 11.1]
    Renderer: NVIDIA GeForce GTX 1660 Ti (ID=0x2191)
    Vendor:   NVIDIA
    VRAM:     5966 MB
    Driver:   32.0.15.8180
Initialize mono
Mono path[0] = 'C:/Program Files/Unity/Hub/Editor/6000.3.9f1/Editor/Data/Managed'
Mono path[1] = 'C:/Program Files/Unity/Hub/Editor/6000.3.9f1/Editor/Data/MonoBleedingEdge/lib/mono/unityjit-win32'
Mono config path = 'C:/Program Files/Unity/Hub/Editor/6000.3.9f1/Editor/Data/MonoBleedingEdge/etc'
Using monoOptions --debugger-agent=transport=dt_socket,embedding=1,server=y,suspend=n,address=127.0.0.1:56976
Begin MonoManager ReloadAssembly
Registering precompiled unity dll's ...
Register platform support module: C:/Program Files/Unity/Hub/Editor/6000.3.9f1/Editor/Data/PlaybackEngines/WindowsStandaloneSupport/UnityEditor.WindowsStandalone.Extensions.dll
Registered in 0.005231 seconds.
- Loaded All Assemblies, in  1.618 seconds
Native extension for WindowsStandalone target not found
ScheduleIndexationOnStartup MainProcess:False IndexOnStartup:True
Mono: successfully reloaded assembly
- Finished resetting the current domain, in  1.179 seconds
Domain Reload Profiling: 2793ms
	BeginReloadAssembly (903ms)
		ExecutionOrderSort (0ms)
		DisableScriptedObjects (0ms)
		BackupInstance (0ms)
		ReleaseScriptingObjects (0ms)
		CreateAndSetChildDomain (1ms)
	RebuildCommonClasses (208ms)
	RebuildNativeTypeToScriptingClass (43ms)
	initialDomainReloadingComplete (120ms)
	LoadAllAssembliesAndSetupDomain (340ms)
		LoadAssemblies (898ms)
		RebuildTransferFunctionScriptingTraits (0ms)
		AnalyzeDomain (335ms)
			TypeCache.Refresh (332ms)
				TypeCache.ScanAssembly (302ms)
			BuildScriptInfoCaches (0ms)
			ResolveRequiredComponents (1ms)
	FinalizeReload (1180ms)
		ReleaseScriptCaches (0ms)
		RebuildScriptCaches (0ms)
		SetupLoadedEditorAssemblies (1078ms)
			LogAssemblyErrors (0ms)
			InitializePlatformSupportModulesInManaged (91ms)
			SetLoadedEditorAssemblies (6ms)
			BeforeProcessingInitializeOnLoad (269ms)
			ProcessInitializeOnLoadAttributes (540ms)
			ProcessInitializeOnLoadMethodAttributes (171ms)
			AfterProcessingInitializeOnLoad (0ms)
			EditorAssembliesLoaded (0ms)
		ExecutionOrderSort2 (0ms)
		AwakeInstancesAfterBackupRestoration (0ms)
Assembly reference Packages/com.unity.entities/Unity.Scenes.Editor/Internals/Properties/Unity.Properties.Internals.asmref has no target assembly definition
========================================================================
Worker process is ready to serve import requests
Import Worker Mode flag is 0x00
Assembly reference Packages/com.unity.entities/Unity.Scenes.Editor/Internals/Properties/Unity.Properties.Internals.asmref has no target assembly definition
Assembly reference Packages/com.unity.entities/Unity.Scenes.Editor/Internals/Properties/Unity.Properties.Internals.asmref has no target assembly definition
Begin MonoManager ReloadAssembly
[Licensing::Client] Successfully resolved entitlement details
[Licensing::Module] License group:
  Id: 18968498016434-UnityPersXXXX
  Product: Unity Personal
  Type: Assigned
  Expiration: Unlimited
- Loaded All Assemblies, in  2.173 seconds
Assembly reference Packages/com.unity.entities/Unity.Scenes.Editor/Internals/Properties/Unity.Properties.Internals.asmref has no target assembly definition
Refreshing native plugins compatible for Editor in 2.57 ms, found 4 plugins.
Native extension for WindowsStandalone target not found
Assembly reference Packages/com.unity.entities/Unity.Scenes.Editor/Internals/Properties/Unity.Properties.Internals.asmref has no target assembly definition
TypeManager.Initialize took: 232ms
Package Manager log level set to [2]
[Package Manager] Failed to launch server process. Reason: Unity was launched with the -noUpm command-line argument
[Package Manager] Unable to send message (not connected to server process).
[Package Manager] Cannot connect to Unity Package Manager local server
[MODES] ModeService[none].Initialize
[MODES] ModeService[none].LoadModes
[MODES] Loading mode Default (0) for mode-current-id-traversal
ScheduleIndexationOnStartup MainProcess:False IndexOnStartup:True
Mono: successfully reloaded assembly
- Finished resetting the current domain, in  9.026 seconds
Domain Reload Profiling: 11190ms
	BeginReloadAssembly (788ms)
		ExecutionOrderSort (0ms)
		DisableScriptedObjects (12ms)
		BackupInstance (0ms)
		ReleaseScriptingObjects (0ms)
		CreateAndSetChildDomain (39ms)
	RebuildCommonClasses (48ms)
	RebuildNativeTypeToScriptingClass (17ms)
	initialDomainReloadingComplete (56ms)
	LoadAllAssembliesAndSetupDomain (1254ms)
		LoadAssemblies (1113ms)
		RebuildTransferFunctionScriptingTraits (0ms)
		AnalyzeDomain (815ms)
			TypeCache.Refresh (322ms)
				TypeCache.ScanAssembly (292ms)
			BuildScriptInfoCaches (441ms)
			ResolveRequiredComponents (26ms)
	FinalizeReload (9027ms)
		ReleaseScriptCaches (0ms)
		RebuildScriptCaches (0ms)
		SetupLoadedEditorAssemblies (8256ms)
			LogAssemblyErrors (0ms)
			InitializePlatformSupportModulesInManaged (3ms)
			SetLoadedEditorAssemblies (7ms)
			BeforeProcessingInitializeOnLoad (1294ms)
			ProcessInitializeOnLoadAttributes (2945ms)
			ProcessInitializeOnLoadMethodAttributes (3838ms)
			AfterProcessingInitializeOnLoad (169ms)
			EditorAssembliesLoaded (1ms)
		ExecutionOrderSort2 (0ms)
		AwakeInstancesAfterBackupRestoration (19ms)
Launched and connected shader compiler UnityShaderCompiler.exe after 0.02 seconds
Refreshing native plugins compatible for Editor in 29.68 ms, found 4 plugins.
Preloading 0 native plugins for Editor in 0.00 ms.
Unloading 17 Unused Serialized files (Serialized files now loaded: 0)
Unloading 8465 unused Assets / (5.7 MB). Loaded Objects now: 9269.
Memory consumption went from 166.4 MB to 160.7 MB.
Total: 30.325500 ms (FindLiveObjects: 1.837900 ms CreateObjectMapping: 3.131100 ms MarkObjects: 17.883600 ms  DeleteObjects: 7.470800 ms)

========================================================================
Received Prepare
Assembly reference Packages/com.unity.entities/Unity.Scenes.Editor/Internals/Properties/Unity.Properties.Internals.asmref has no target assembly definition
Assembly reference Packages/com.unity.entities/Unity.Scenes.Editor/Internals/Properties/Unity.Properties.Internals.asmref has no target assembly definition
Begin MonoManager ReloadAssembly
- Loaded All Assemblies, in 19.001 seconds
Assembly reference Packages/com.unity.entities/Unity.Scenes.Editor/Internals/Properties/Unity.Properties.Internals.asmref has no target assembly definition
Refreshing native plugins compatible for Editor in 1.78 ms, found 4 plugins.
Native extension for WindowsStandalone target not found
Assembly reference Packages/com.unity.entities/Unity.Scenes.Editor/Internals/Properties/Unity.Properties.Internals.asmref has no target assembly definition
TypeManager.Initialize took: 484ms
[Package Manager] Failed to launch server process. Reason: Unity was launched with the -noUpm command-line argument
[Package Manager] Unable to send message (not connected to server process).
[Package Manager] Cannot connect to Unity Package Manager local server
[MODES] ModeService[none].Initialize
[MODES] ModeService[none].LoadModes
ScheduleIndexationOnStartup MainProcess:False IndexOnStartup:True
Mono: successfully reloaded assembly
- Finished resetting the current domain, in  4.580 seconds
Domain Reload Profiling: 23557ms
	BeginReloadAssembly (12945ms)
		ExecutionOrderSort (0ms)
		DisableScriptedObjects (19ms)
		BackupInstance (0ms)
		ReleaseScriptingObjects (0ms)
		CreateAndSetChildDomain (6424ms)
	RebuildCommonClasses (271ms)
	RebuildNativeTypeToScriptingClass (72ms)
	initialDomainReloadingComplete (272ms)
	LoadAllAssembliesAndSetupDomain (5415ms)
		LoadAssemblies (7646ms)
		RebuildTransferFunctionScriptingTraits (0ms)
		AnalyzeDomain (1779ms)
			TypeCache.Refresh (30ms)
				TypeCache.ScanAssembly (0ms)
			BuildScriptInfoCaches (1653ms)
			ResolveRequiredComponents (78ms)
	FinalizeReload (4582ms)
		ReleaseScriptCaches (0ms)
		RebuildScriptCaches (0ms)
		SetupLoadedEditorAssemblies (3906ms)
			LogAssemblyErrors (0ms)
			InitializePlatformSupportModulesInManaged (2ms)
			SetLoadedEditorAssemblies (5ms)
			BeforeProcessingInitializeOnLoad (246ms)
			ProcessInitializeOnLoadAttributes (2038ms)
			ProcessInitializeOnLoadMethodAttributes (1532ms)
			AfterProcessingInitializeOnLoad (75ms)
			EditorAssembliesLoaded (7ms)
		ExecutionOrderSort2 (0ms)
		AwakeInstancesAfterBackupRestoration (293ms)
Refreshing native plugins compatible for Editor in 4.98 ms, found 4 plugins.
Preloading 0 native plugins for Editor in 0.00 ms.
Unloading 17 Unused Serialized files (Serialized files now loaded: 0)
Unloading 8465 unused Assets / (4.4 MB). Loaded Objects now: 9281.
Memory consumption went from 171.2 MB to 166.8 MB.
Total: 55.146600 ms (FindLiveObjects: 3.004000 ms CreateObjectMapping: 3.446000 ms MarkObjects: 26.042800 ms  DeleteObjects: 22.651800 ms)

Unloading 0 Unused Serialized files (Serialized files now loaded: 0)
Unloading 0 unused Assets / (7.7 MB). Loaded Objects now: 9281.
Memory consumption went from 166.8 MB to 159.2 MB.
Total: 44.087200 ms (FindLiveObjects: 2.879200 ms CreateObjectMapping: 2.152400 ms MarkObjects: 31.460800 ms  DeleteObjects: 7.592000 ms)

Prepare: number of updated asset objects reloaded= 0
========================================================================
Received Prepare
Refreshing native plugins compatible for Editor in 2.72 ms, found 4 plugins.
Preloading 0 native plugins for Editor in 0.00 ms.
Unloading 17 Unused Serialized files (Serialized files now loaded: 0)
Unloading 17 unused Assets / (1.7 MB). Loaded Objects now: 9281.
Memory consumption went from 165.2 MB to 163.5 MB.
Total: 18.044400 ms (FindLiveObjects: 0.760400 ms CreateObjectMapping: 0.905600 ms MarkObjects: 15.338600 ms  DeleteObjects: 1.038500 ms)

Prepare: number of updated asset objects reloaded= 0
========================================================================
Received Prepare
Assembly reference Packages/com.unity.entities/Unity.Scenes.Editor/Internals/Properties/Unity.Properties.Internals.asmref has no target assembly definition
Assembly reference Packages/com.unity.entities/Unity.Scenes.Editor/Internals/Properties/Unity.Properties.Internals.asmref has no target assembly definition
Begin MonoManager ReloadAssembly
[Licensing::Client] Successfully resolved entitlement details
- Loaded All Assemblies, in  1.456 seconds
Assembly reference Packages/com.unity.entities/Unity.Scenes.Editor/Internals/Properties/Unity.Properties.Internals.asmref has no target assembly definition
Refreshing native plugins compatible for Editor in 2.84 ms, found 4 plugins.
Native extension for WindowsStandalone target not found
Assembly reference Packages/com.unity.entities/Unity.Scenes.Editor/Internals/Properties/Unity.Properties.Internals.asmref has no target assembly definition
TypeManager.Initialize took: 237ms
[Package Manager] Failed to launch server process. Reason: Unity was launched with the -noUpm command-line argument
[Package Manager] Unable to send message (not connected to server process).
[Package Manager] Cannot connect to Unity Package Manager local server
[MODES] ModeService[none].Initialize
[MODES] ModeService[none].LoadModes
ScheduleIndexationOnStartup MainProcess:False IndexOnStartup:True
Mono: successfully reloaded assembly
- Finished resetting the current domain, in  2.458 seconds
Domain Reload Profiling: 3912ms
	BeginReloadAssembly (492ms)
		ExecutionOrderSort (0ms)
		DisableScriptedObjects (14ms)
		BackupInstance (0ms)
		ReleaseScriptingObjects (0ms)
		CreateAndSetChildDomain (142ms)
	RebuildCommonClasses (69ms)
	RebuildNativeTypeToScriptingClass (26ms)
	initialDomainReloadingComplete (55ms)
	LoadAllAssembliesAndSetupDomain (810ms)
		LoadAssemblies (695ms)
		RebuildTransferFunctionScriptingTraits (0ms)
		AnalyzeDomain (324ms)
			TypeCache.Refresh (12ms)
				TypeCache.ScanAssembly (0ms)
			BuildScriptInfoCaches (289ms)
			ResolveRequiredComponents (14ms)
	FinalizeReload (2459ms)
		ReleaseScriptCaches (0ms)
		RebuildScriptCaches (0ms)
		SetupLoadedEditorAssemblies (2137ms)
			LogAssemblyErrors (0ms)
			InitializePlatformSupportModulesInManaged (3ms)
			SetLoadedEditorAssemblies (6ms)
			BeforeProcessingInitializeOnLoad (383ms)
			ProcessInitializeOnLoadAttributes (1229ms)
			ProcessInitializeOnLoadMethodAttributes (501ms)
			AfterProcessingInitializeOnLoad (14ms)
			EditorAssembliesLoaded (1ms)
		ExecutionOrderSort2 (0ms)
		AwakeInstancesAfterBackupRestoration (32ms)
Refreshing native plugins compatible for Editor in 4.67 ms, found 4 plugins.
Preloading 0 native plugins for Editor in 0.00 ms.
Unloading 17 Unused Serialized files (Serialized files now loaded: 0)
Unloading 8464 unused Assets / (4.9 MB). Loaded Objects now: 9281.
Memory consumption went from 171.2 MB to 166.4 MB.
Total: 49.345800 ms (FindLiveObjects: 2.206700 ms CreateObjectMapping: 2.893000 ms MarkObjects: 28.265000 ms  DeleteObjects: 15.978500 ms)

Unloading 0 Unused Serialized files (Serialized files now loaded: 0)
Unloading 0 unused Assets / (7.2 MB). Loaded Objects now: 9281.
Memory consumption went from 166.3 MB to 159.1 MB.
Total: 65.738600 ms (FindLiveObjects: 6.006300 ms CreateObjectMapping: 4.161700 ms MarkObjects: 47.437200 ms  DeleteObjects: 8.128100 ms)

Prepare: number of updated asset objects reloaded= 0
========================================================================
Received Prepare
Assembly reference Packages/com.unity.entities/Unity.Scenes.Editor/Internals/Properties/Unity.Properties.Internals.asmref has no target assembly definition
Assembly reference Packages/com.unity.entities/Unity.Scenes.Editor/Internals/Properties/Unity.Properties.Internals.asmref has no target assembly definition
Begin MonoManager ReloadAssembly
- Loaded All Assemblies, in  1.567 seconds
Assembly reference Packages/com.unity.entities/Unity.Scenes.Editor/Internals/Properties/Unity.Properties.Internals.asmref has no target assembly definition
Refreshing native plugins compatible for Editor in 2.11 ms, found 4 plugins.
Native extension for WindowsStandalone target not found
Assembly reference Packages/com.unity.entities/Unity.Scenes.Editor/Internals/Properties/Unity.Properties.Internals.asmref has no target assembly definition
TypeManager.Initialize took: 193ms
[Package Manager] Failed to launch server process. Reason: Unity was launched with the -noUpm command-line argument
[Package Manager] Unable to send message (not connected to server process).
[Package Manager] Cannot connect to Unity Package Manager local server
[MODES] ModeService[none].Initialize
[MODES] ModeService[none].LoadModes
ScheduleIndexationOnStartup MainProcess:False IndexOnStartup:True
Mono: successfully reloaded assembly
- Finished resetting the current domain, in  2.016 seconds
Domain Reload Profiling: 3576ms
	BeginReloadAssembly (422ms)
		ExecutionOrderSort (0ms)
		DisableScriptedObjects (9ms)
		BackupInstance (0ms)
		ReleaseScriptingObjects (0ms)
		CreateAndSetChildDomain (115ms)
	RebuildCommonClasses (75ms)
	RebuildNativeTypeToScriptingClass (24ms)
	initialDomainReloadingComplete (51ms)
	LoadAllAssembliesAndSetupDomain (988ms)
		LoadAssemblies (811ms)
		RebuildTransferFunctionScriptingTraits (0ms)
		AnalyzeDomain (372ms)
			TypeCache.Refresh (11ms)
				TypeCache.ScanAssembly (0ms)
			BuildScriptInfoCaches (336ms)
			ResolveRequiredComponents (18ms)
	FinalizeReload (2017ms)
		ReleaseScriptCaches (0ms)
		RebuildScriptCaches (0ms)
		SetupLoadedEditorAssemblies (1744ms)
			LogAssemblyErrors (0ms)
			InitializePlatformSupportModulesInManaged (2ms)
			SetLoadedEditorAssemblies (5ms)
			BeforeProcessingInitializeOnLoad (281ms)
			ProcessInitializeOnLoadAttributes (1036ms)
			ProcessInitializeOnLoadMethodAttributes (408ms)
			AfterProcessingInitializeOnLoad (10ms)
			EditorAssembliesLoaded (1ms)
		ExecutionOrderSort2 (0ms)
		AwakeInstancesAfterBackupRestoration (35ms)
Refreshing native plugins compatible for Editor in 3.66 ms, found 4 plugins.
Preloading 0 native plugins for Editor in 0.00 ms.
Unloading 17 Unused Serialized files (Serialized files now loaded: 0)
Unloading 8464 unused Assets / (5.3 MB). Loaded Objects now: 9281.
Memory consumption went from 171.2 MB to 165.9 MB.
Total: 33.957000 ms (FindLiveObjects: 2.307900 ms CreateObjectMapping: 3.777500 ms MarkObjects: 19.370700 ms  DeleteObjects: 8.499100 ms)

Unloading 0 Unused Serialized files (Serialized files now loaded: 0)
Unloading 0 unused Assets / (6.1 MB). Loaded Objects now: 9281.
Memory consumption went from 165.3 MB to 159.2 MB.
Total: 22.199900 ms (FindLiveObjects: 1.139800 ms CreateObjectMapping: 1.741700 ms MarkObjects: 15.252900 ms  DeleteObjects: 4.063100 ms)

Prepare: number of updated asset objects reloaded= 0
========================================================================
Received Prepare
Assembly reference Packages/com.unity.entities/Unity.Scenes.Editor/Internals/Properties/Unity.Properties.Internals.asmref has no target assembly definition
Assembly reference Packages/com.unity.entities/Unity.Scenes.Editor/Internals/Properties/Unity.Properties.Internals.asmref has no target assembly definition
Begin MonoManager ReloadAssembly
[Licensing::Client] Successfully resolved entitlement details
- Loaded All Assemblies, in  1.430 seconds
Assembly reference Packages/com.unity.entities/Unity.Scenes.Editor/Internals/Properties/Unity.Properties.Internals.asmref has no target assembly definition
Refreshing native plugins compatible for Editor in 2.12 ms, found 4 plugins.
Native extension for WindowsStandalone target not found
Assembly reference Packages/com.unity.entities/Unity.Scenes.Editor/Internals/Properties/Unity.Properties.Internals.asmref has no target assembly definition
TypeManager.Initialize took: 189ms
[Package Manager] Failed to launch server process. Reason: Unity was launched with the -noUpm command-line argument
[Package Manager] Unable to send message (not connected to server process).
[Package Manager] Cannot connect to Unity Package Manager local server
[MODES] ModeService[none].Initialize
[MODES] ModeService[none].LoadModes
ScheduleIndexationOnStartup MainProcess:False IndexOnStartup:True
Mono: successfully reloaded assembly
- Finished resetting the current domain, in  2.007 seconds
Domain Reload Profiling: 3434ms
	BeginReloadAssembly (405ms)
		ExecutionOrderSort (0ms)
		DisableScriptedObjects (11ms)
		BackupInstance (0ms)
		ReleaseScriptingObjects (0ms)
		CreateAndSetChildDomain (108ms)
	RebuildCommonClasses (66ms)
	RebuildNativeTypeToScriptingClass (23ms)
	initialDomainReloadingComplete (53ms)
	LoadAllAssembliesAndSetupDomain (879ms)
		LoadAssemblies (687ms)
		RebuildTransferFunctionScriptingTraits (0ms)
		AnalyzeDomain (374ms)
			TypeCache.Refresh (11ms)
				TypeCache.ScanAssembly (0ms)
			BuildScriptInfoCaches (339ms)
			ResolveRequiredComponents (16ms)
	FinalizeReload (2008ms)
		ReleaseScriptCaches (0ms)
		RebuildScriptCaches (0ms)
		SetupLoadedEditorAssemblies (1740ms)
			LogAssemblyErrors (0ms)
			InitializePlatformSupportModulesInManaged (2ms)
			SetLoadedEditorAssemblies (6ms)
			BeforeProcessingInitializeOnLoad (276ms)
			ProcessInitializeOnLoadAttributes (1033ms)
			ProcessInitializeOnLoadMethodAttributes (412ms)
			AfterProcessingInitializeOnLoad (10ms)
			EditorAssembliesLoaded (1ms)
		ExecutionOrderSort2 (0ms)
		AwakeInstancesAfterBackupRestoration (33ms)
Refreshing native plugins compatible for Editor in 3.79 ms, found 4 plugins.
Preloading 0 native plugins for Editor in 0.00 ms.
Unloading 17 Unused Serialized files (Serialized files now loaded: 0)
Unloading 8464 unused Assets / (5.4 MB). Loaded Objects now: 9281.
Memory consumption went from 171.3 MB to 165.9 MB.
Total: 28.578200 ms (FindLiveObjects: 1.538500 ms CreateObjectMapping: 3.390700 ms MarkObjects: 16.217700 ms  DeleteObjects: 7.428900 ms)

Unloading 0 Unused Serialized files (Serialized files now loaded: 0)
Unloading 0 unused Assets / (6.6 MB). Loaded Objects now: 9281.
Memory consumption went from 165.9 MB to 159.2 MB.
Total: 19.417100 ms (FindLiveObjects: 0.908600 ms CreateObjectMapping: 1.301600 ms MarkObjects: 14.488000 ms  DeleteObjects: 2.716600 ms)

Prepare: number of updated asset objects reloaded= 0
========================================================================
Received Prepare
Assembly reference Packages/com.unity.entities/Unity.Scenes.Editor/Internals/Properties/Unity.Properties.Internals.asmref has no target assembly definition
Assembly reference Packages/com.unity.entities/Unity.Scenes.Editor/Internals/Properties/Unity.Properties.Internals.asmref has no target assembly definition
Begin MonoManager ReloadAssembly
- Loaded All Assemblies, in  1.277 seconds
Assembly reference Packages/com.unity.entities/Unity.Scenes.Editor/Internals/Properties/Unity.Properties.Internals.asmref has no target assembly definition
Refreshing native plugins compatible for Editor in 2.14 ms, found 4 plugins.
Native extension for WindowsStandalone target not found
Assembly reference Packages/com.unity.entities/Unity.Scenes.Editor/Internals/Properties/Unity.Properties.Internals.asmref has no target assembly definition
TypeManager.Initialize took: 187ms
[Package Manager] Failed to launch server process. Reason: Unity was launched with the -noUpm command-line argument
[Package Manager] Unable to send message (not connected to server process).
[Package Manager] Cannot connect to Unity Package Manager local server
[MODES] ModeService[none].Initialize
[MODES] ModeService[none].LoadModes
ScheduleIndexationOnStartup MainProcess:False IndexOnStartup:True
Mono: successfully reloaded assembly
- Finished resetting the current domain, in  1.765 seconds
Domain Reload Profiling: 3037ms
	BeginReloadAssembly (362ms)
		ExecutionOrderSort (0ms)
		DisableScriptedObjects (11ms)
		BackupInstance (0ms)
		ReleaseScriptingObjects (0ms)
		CreateAndSetChildDomain (107ms)
	RebuildCommonClasses (63ms)
	RebuildNativeTypeToScriptingClass (22ms)
	initialDomainReloadingComplete (44ms)
	LoadAllAssembliesAndSetupDomain (781ms)
		LoadAssemblies (575ms)
		RebuildTransferFunctionScriptingTraits (0ms)
		AnalyzeDomain (360ms)
			TypeCache.Refresh (10ms)
				TypeCache.ScanAssembly (0ms)
			BuildScriptInfoCaches (327ms)
			ResolveRequiredComponents (15ms)
	FinalizeReload (1765ms)
		ReleaseScriptCaches (0ms)
		RebuildScriptCaches (0ms)
		SetupLoadedEditorAssemblies (1507ms)
			LogAssemblyErrors (0ms)
			InitializePlatformSupportModulesInManaged (2ms)
			SetLoadedEditorAssemblies (5ms)
			BeforeProcessingInitializeOnLoad (270ms)
			ProcessInitializeOnLoadAttributes (915ms)
			ProcessInitializeOnLoadMethodAttributes (304ms)
			AfterProcessingInitializeOnLoad (9ms)
			EditorAssembliesLoaded (1ms)
		ExecutionOrderSort2 (0ms)
		AwakeInstancesAfterBackupRestoration (27ms)
Refreshing native plugins compatible for Editor in 3.06 ms, found 4 plugins.
Preloading 0 native plugins for Editor in 0.00 ms.
Unloading 17 Unused Serialized files (Serialized files now loaded: 0)
Unloading 8464 unused Assets / (5.3 MB). Loaded Objects now: 9281.
Memory consumption went from 171.3 MB to 166.0 MB.
Total: 21.849800 ms (FindLiveObjects: 1.519900 ms CreateObjectMapping: 2.207100 ms MarkObjects: 13.111000 ms  DeleteObjects: 5.010400 ms)

Unloading 0 Unused Serialized files (Serialized files now loaded: 0)
Unloading 0 unused Assets / (6.7 MB). Loaded Objects now: 9281.
Memory consumption went from 165.9 MB to 159.2 MB.
Total: 16.923800 ms (FindLiveObjects: 1.249700 ms CreateObjectMapping: 1.488100 ms MarkObjects: 12.232100 ms  DeleteObjects: 1.952300 ms)

Prepare: number of updated asset objects reloaded= 0
========================================================================
Received Prepare
Assembly reference Packages/com.unity.entities/Unity.Scenes.Editor/Internals/Properties/Unity.Properties.Internals.asmref has no target assembly definition
Assembly reference Packages/com.unity.entities/Unity.Scenes.Editor/Internals/Properties/Unity.Properties.Internals.asmref has no target assembly definition
Begin MonoManager ReloadAssembly
- Loaded All Assemblies, in  1.283 seconds
Assembly reference Packages/com.unity.entities/Unity.Scenes.Editor/Internals/Properties/Unity.Properties.Internals.asmref has no target assembly definition
Refreshing native plugins compatible for Editor in 2.18 ms, found 4 plugins.
Native extension for WindowsStandalone target not found
Assembly reference Packages/com.unity.entities/Unity.Scenes.Editor/Internals/Properties/Unity.Properties.Internals.asmref has no target assembly definition
TypeManager.Initialize took: 174ms
[Package Manager] Failed to launch server process. Reason: Unity was launched with the -noUpm command-line argument
[Package Manager] Unable to send message (not connected to server process).
[Package Manager] Cannot connect to Unity Package Manager local server
[MODES] ModeService[none].Initialize
[MODES] ModeService[none].LoadModes
ScheduleIndexationOnStartup MainProcess:False IndexOnStartup:True
Mono: successfully reloaded assembly
- Finished resetting the current domain, in  1.836 seconds
Domain Reload Profiling: 3116ms
	BeginReloadAssembly (343ms)
		ExecutionOrderSort (0ms)
		DisableScriptedObjects (11ms)
		BackupInstance (0ms)
		ReleaseScriptingObjects (0ms)
		CreateAndSetChildDomain (101ms)
	RebuildCommonClasses (53ms)
	RebuildNativeTypeToScriptingClass (21ms)
	initialDomainReloadingComplete (49ms)
	LoadAllAssembliesAndSetupDomain (813ms)
		LoadAssemblies (588ms)
		RebuildTransferFunctionScriptingTraits (0ms)
		AnalyzeDomain (358ms)
			TypeCache.Refresh (11ms)
				TypeCache.ScanAssembly (0ms)
			BuildScriptInfoCaches (321ms)
			ResolveRequiredComponents (18ms)
	FinalizeReload (1837ms)
		ReleaseScriptCaches (0ms)
		RebuildScriptCaches (0ms)
		SetupLoadedEditorAssemblies (1604ms)
			LogAssemblyErrors (0ms)
			InitializePlatformSupportModulesInManaged (2ms)
			SetLoadedEditorAssemblies (5ms)
			BeforeProcessingInitializeOnLoad (259ms)
			ProcessInitializeOnLoadAttributes (952ms)
			ProcessInitializeOnLoadMethodAttributes (374ms)
			AfterProcessingInitializeOnLoad (11ms)
			EditorAssembliesLoaded (1ms)
		ExecutionOrderSort2 (0ms)
		AwakeInstancesAfterBackupRestoration (26ms)
Refreshing native plugins compatible for Editor in 3.09 ms, found 4 plugins.
Preloading 0 native plugins for Editor in 0.00 ms.
Unloading 17 Unused Serialized files (Serialized files now loaded: 0)
Unloading 8464 unused Assets / (5.7 MB). Loaded Objects now: 9281.
Memory consumption went from 171.4 MB to 165.6 MB.
Total: 25.828000 ms (FindLiveObjects: 1.608700 ms CreateObjectMapping: 2.943800 ms MarkObjects: 14.886200 ms  DeleteObjects: 6.387700 ms)

Unloading 0 Unused Serialized files (Serialized files now loaded: 0)
Unloading 0 unused Assets / (5.8 MB). Loaded Objects now: 9281.
Memory consumption went from 165.1 MB to 159.3 MB.
Total: 18.718200 ms (FindLiveObjects: 1.207900 ms CreateObjectMapping: 1.356800 ms MarkObjects: 13.170900 ms  DeleteObjects: 2.980600 ms)

Prepare: number of updated asset objects reloaded= 0
========================================================================
Received Prepare
Assembly reference Packages/com.unity.entities/Unity.Scenes.Editor/Internals/Properties/Unity.Properties.Internals.asmref has no target assembly definition
Assembly reference Packages/com.unity.entities/Unity.Scenes.Editor/Internals/Properties/Unity.Properties.Internals.asmref has no target assembly definition
Begin MonoManager ReloadAssembly
- Loaded All Assemblies, in  1.284 seconds
Assembly reference Packages/com.unity.entities/Unity.Scenes.Editor/Internals/Properties/Unity.Properties.Internals.asmref has no target assembly definition
Refreshing native plugins compatible for Editor in 2.17 ms, found 4 plugins.
Native extension for WindowsStandalone target not found
Assembly reference Packages/com.unity.entities/Unity.Scenes.Editor/Internals/Properties/Unity.Properties.Internals.asmref has no target assembly definition
TypeManager.Initialize took: 196ms
[Package Manager] Failed to launch server process. Reason: Unity was launched with the -noUpm command-line argument
[Package Manager] Unable to send message (not connected to server process).
[Package Manager] Cannot connect to Unity Package Manager local server
[MODES] ModeService[none].Initialize
[MODES] ModeService[none].LoadModes
ScheduleIndexationOnStartup MainProcess:False IndexOnStartup:True
Mono: successfully reloaded assembly
- Finished resetting the current domain, in  2.010 seconds
Domain Reload Profiling: 3291ms
	BeginReloadAssembly (352ms)
		ExecutionOrderSort (0ms)
		DisableScriptedObjects (9ms)
		BackupInstance (0ms)
		ReleaseScriptingObjects (0ms)
		CreateAndSetChildDomain (93ms)
	RebuildCommonClasses (73ms)
	RebuildNativeTypeToScriptingClass (27ms)
	initialDomainReloadingComplete (56ms)
	LoadAllAssembliesAndSetupDomain (772ms)
		LoadAssemblies (594ms)
		RebuildTransferFunctionScriptingTraits (0ms)
		AnalyzeDomain (342ms)
			TypeCache.Refresh (10ms)
				TypeCache.ScanAssembly (0ms)
			BuildScriptInfoCaches (308ms)
			ResolveRequiredComponents (16ms)
	FinalizeReload (2010ms)
		ReleaseScriptCaches (0ms)
		RebuildScriptCaches (0ms)
		SetupLoadedEditorAssemblies (1764ms)
			LogAssemblyErrors (0ms)
			InitializePlatformSupportModulesInManaged (2ms)
			SetLoadedEditorAssemblies (5ms)
			BeforeProcessingInitializeOnLoad (257ms)
			ProcessInitializeOnLoadAttributes (1100ms)
			ProcessInitializeOnLoadMethodAttributes (388ms)
			AfterProcessingInitializeOnLoad (10ms)
			EditorAssembliesLoaded (1ms)
		ExecutionOrderSort2 (0ms)
		AwakeInstancesAfterBackupRestoration (35ms)
Refreshing native plugins compatible for Editor in 2.83 ms, found 4 plugins.
Preloading 0 native plugins for Editor in 0.00 ms.
Unloading 17 Unused Serialized files (Serialized files now loaded: 0)
Unloading 8464 unused Assets / (5.3 MB). Loaded Objects now: 9281.
Memory consumption went from 171.4 MB to 166.1 MB.
Total: 27.970400 ms (FindLiveObjects: 2.269100 ms CreateObjectMapping: 2.346800 ms MarkObjects: 15.644100 ms  DeleteObjects: 7.708800 ms)

Unloading 0 Unused Serialized files (Serialized files now loaded: 0)
Unloading 0 unused Assets / (6.7 MB). Loaded Objects now: 9281.
Memory consumption went from 166.1 MB to 159.4 MB.
Total: 19.075500 ms (FindLiveObjects: 1.011200 ms CreateObjectMapping: 1.072400 ms MarkObjects: 14.746100 ms  DeleteObjects: 2.244100 ms)

Prepare: number of updated asset objects reloaded= 0
========================================================================
Received Prepare
Assembly reference Packages/com.unity.entities/Unity.Scenes.Editor/Internals/Properties/Unity.Properties.Internals.asmref has no target assembly definition
Assembly reference Packages/com.unity.entities/Unity.Scenes.Editor/Internals/Properties/Unity.Properties.Internals.asmref has no target assembly definition
Begin MonoManager ReloadAssembly
[Licensing::Client] Successfully resolved entitlement details
- Loaded All Assemblies, in  1.219 seconds
Assembly reference Packages/com.unity.entities/Unity.Scenes.Editor/Internals/Properties/Unity.Properties.Internals.asmref has no target assembly definition
Refreshing native plugins compatible for Editor in 2.20 ms, found 4 plugins.
Native extension for WindowsStandalone target not found
Assembly reference Packages/com.unity.entities/Unity.Scenes.Editor/Internals/Properties/Unity.Properties.Internals.asmref has no target assembly definition
TypeManager.Initialize took: 160ms
[Package Manager] Failed to launch server process. Reason: Unity was launched with the -noUpm command-line argument
[Package Manager] Unable to send message (not connected to server process).
[Package Manager] Cannot connect to Unity Package Manager local server
[MODES] ModeService[none].Initialize
[MODES] ModeService[none].LoadModes
ScheduleIndexationOnStartup MainProcess:False IndexOnStartup:True
Mono: successfully reloaded assembly
- Finished resetting the current domain, in  1.751 seconds
Domain Reload Profiling: 2967ms
	BeginReloadAssembly (330ms)
		ExecutionOrderSort (0ms)
		DisableScriptedObjects (9ms)
		BackupInstance (0ms)
		ReleaseScriptingObjects (0ms)
		CreateAndSetChildDomain (103ms)
	RebuildCommonClasses (46ms)
	RebuildNativeTypeToScriptingClass (26ms)
	initialDomainReloadingComplete (46ms)
	LoadAllAssembliesAndSetupDomain (767ms)
		LoadAssemblies (546ms)
		RebuildTransferFunctionScriptingTraits (0ms)
		AnalyzeDomain (354ms)
			TypeCache.Refresh (13ms)
				TypeCache.ScanAssembly (0ms)
			BuildScriptInfoCaches (318ms)
			ResolveRequiredComponents (16ms)
	FinalizeReload (1751ms)
		ReleaseScriptCaches (0ms)
		RebuildScriptCaches (0ms)
		SetupLoadedEditorAssemblies (1518ms)
			LogAssemblyErrors (0ms)
			InitializePlatformSupportModulesInManaged (3ms)
			SetLoadedEditorAssemblies (7ms)
			BeforeProcessingInitializeOnLoad (246ms)
			ProcessInitializeOnLoadAttributes (897ms)
			ProcessInitializeOnLoadMethodAttributes (355ms)
			AfterProcessingInitializeOnLoad (10ms)
			EditorAssembliesLoaded (1ms)
		ExecutionOrderSort2 (0ms)
		AwakeInstancesAfterBackupRestoration (25ms)
Refreshing native plugins compatible for Editor in 3.50 ms, found 4 plugins.
Preloading 0 native plugins for Editor in 0.00 ms.
Unloading 17 Unused Serialized files (Serialized files now loaded: 0)
Unloading 8464 unused Assets / (5.4 MB). Loaded Objects now: 9281.
Memory consumption went from 171.4 MB to 166.0 MB.
Total: 24.893400 ms (FindLiveObjects: 1.455100 ms CreateObjectMapping: 3.186600 ms MarkObjects: 13.791400 ms  DeleteObjects: 6.459100 ms)

Unloading 0 Unused Serialized files (Serialized files now loaded: 0)
Unloading 0 unused Assets / (6.1 MB). Loaded Objects now: 9281.
Memory consumption went from 165.5 MB to 159.4 MB.
Total: 16.525000 ms (FindLiveObjects: 0.939000 ms CreateObjectMapping: 1.086100 ms MarkObjects: 12.385300 ms  DeleteObjects: 2.112700 ms)

Prepare: number of updated asset objects reloaded= 0
========================================================================
Received Prepare
Assembly reference Packages/com.unity.entities/Unity.Scenes.Editor/Internals/Properties/Unity.Properties.Internals.asmref has no target assembly definition
Assembly reference Packages/com.unity.entities/Unity.Scenes.Editor/Internals/Properties/Unity.Properties.Internals.asmref has no target assembly definition
Begin MonoManager ReloadAssembly
[Licensing::Client] Successfully resolved entitlement details
- Loaded All Assemblies, in  1.233 seconds
Assembly reference Packages/com.unity.entities/Unity.Scenes.Editor/Internals/Properties/Unity.Properties.Internals.asmref has no target assembly definition
Refreshing native plugins compatible for Editor in 1.75 ms, found 4 plugins.
Native extension for WindowsStandalone target not found
Assembly reference Packages/com.unity.entities/Unity.Scenes.Editor/Internals/Properties/Unity.Properties.Internals.asmref has no target assembly definition
TypeManager.Initialize took: 165ms
[Package Manager] Failed to launch server process. Reason: Unity was launched with the -noUpm command-line argument
[Package Manager] Unable to send message (not connected to server process).
[Package Manager] Cannot connect to Unity Package Manager local server
[MODES] ModeService[none].Initialize
[MODES] ModeService[none].LoadModes
ScheduleIndexationOnStartup MainProcess:False IndexOnStartup:True
Mono: successfully reloaded assembly
- Finished resetting the current domain, in  2.099 seconds
Domain Reload Profiling: 3331ms
	BeginReloadAssembly (341ms)
		ExecutionOrderSort (0ms)
		DisableScriptedObjects (9ms)
		BackupInstance (0ms)
		ReleaseScriptingObjects (0ms)
		CreateAndSetChildDomain (109ms)
	RebuildCommonClasses (49ms)
	RebuildNativeTypeToScriptingClass (19ms)
	initialDomainReloadingComplete (49ms)
	LoadAllAssembliesAndSetupDomain (772ms)
		LoadAssemblies (574ms)
		RebuildTransferFunctionScriptingTraits (0ms)
		AnalyzeDomain (333ms)
			TypeCache.Refresh (11ms)
				TypeCache.ScanAssembly (0ms)
			BuildScriptInfoCaches (297ms)
			ResolveRequiredComponents (18ms)
	FinalizeReload (2100ms)
		ReleaseScriptCaches (0ms)
		RebuildScriptCaches (0ms)
		SetupLoadedEditorAssemblies (1793ms)
			LogAssemblyErrors (0ms)
			InitializePlatformSupportModulesInManaged (2ms)
			SetLoadedEditorAssemblies (6ms)
			BeforeProcessingInitializeOnLoad (265ms)
			ProcessInitializeOnLoadAttributes (962ms)
			ProcessInitializeOnLoadMethodAttributes (540ms)
			AfterProcessingInitializeOnLoad (13ms)
			EditorAssembliesLoaded (5ms)
		ExecutionOrderSort2 (0ms)
		AwakeInstancesAfterBackupRestoration (53ms)
Refreshing native plugins compatible for Editor in 3.14 ms, found 4 plugins.
Preloading 0 native plugins for Editor in 0.00 ms.
Unloading 17 Unused Serialized files (Serialized files now loaded: 0)
Unloading 8464 unused Assets / (5.6 MB). Loaded Objects now: 9281.
Memory consumption went from 171.5 MB to 165.9 MB.
Total: 25.532000 ms (FindLiveObjects: 1.173000 ms CreateObjectMapping: 3.597600 ms MarkObjects: 14.926900 ms  DeleteObjects: 5.832700 ms)

Unloading 0 Unused Serialized files (Serialized files now loaded: 0)
Unloading 0 unused Assets / (5.9 MB). Loaded Objects now: 9281.
Memory consumption went from 165.3 MB to 159.4 MB.
Total: 15.515700 ms (FindLiveObjects: 1.210000 ms CreateObjectMapping: 0.752200 ms MarkObjects: 11.396400 ms  DeleteObjects: 2.154500 ms)

Prepare: number of updated asset objects reloaded= 0
========================================================================
Received Prepare
Assembly reference Packages/com.unity.entities/Unity.Scenes.Editor/Internals/Properties/Unity.Properties.Internals.asmref has no target assembly definition
Assembly reference Packages/com.unity.entities/Unity.Scenes.Editor/Internals/Properties/Unity.Properties.Internals.asmref has no target assembly definition
Begin MonoManager ReloadAssembly
- Loaded All Assemblies, in  1.374 seconds
Assembly reference Packages/com.unity.entities/Unity.Scenes.Editor/Internals/Properties/Unity.Properties.Internals.asmref has no target assembly definition
Refreshing native plugins compatible for Editor in 2.59 ms, found 4 plugins.
Native extension for WindowsStandalone target not found
Assembly reference Packages/com.unity.entities/Unity.Scenes.Editor/Internals/Properties/Unity.Properties.Internals.asmref has no target assembly definition
TypeManager.Initialize took: 202ms
[Package Manager] Failed to launch server process. Reason: Unity was launched with the -noUpm command-line argument
[Package Manager] Unable to send message (not connected to server process).
[Package Manager] Cannot connect to Unity Package Manager local server
[MODES] ModeService[none].Initialize
[MODES] ModeService[none].LoadModes
ScheduleIndexationOnStartup MainProcess:False IndexOnStartup:True
Mono: successfully reloaded assembly
- Finished resetting the current domain, in  2.083 seconds
Domain Reload Profiling: 3455ms
	BeginReloadAssembly (466ms)
		ExecutionOrderSort (0ms)
		DisableScriptedObjects (8ms)
		BackupInstance (0ms)
		ReleaseScriptingObjects (0ms)
		CreateAndSetChildDomain (103ms)
	RebuildCommonClasses (54ms)
	RebuildNativeTypeToScriptingClass (28ms)
	initialDomainReloadingComplete (61ms)
	LoadAllAssembliesAndSetupDomain (763ms)
		LoadAssemblies (691ms)
		RebuildTransferFunctionScriptingTraits (0ms)
		AnalyzeDomain (341ms)
			TypeCache.Refresh (12ms)
				TypeCache.ScanAssembly (0ms)
			BuildScriptInfoCaches (308ms)
			ResolveRequiredComponents (15ms)
	FinalizeReload (2084ms)
		ReleaseScriptCaches (0ms)
		RebuildScriptCaches (0ms)
		SetupLoadedEditorAssemblies (1777ms)
			LogAssemblyErrors (0ms)
			InitializePlatformSupportModulesInManaged (2ms)
			SetLoadedEditorAssemblies (5ms)
			BeforeProcessingInitializeOnLoad (257ms)
			ProcessInitializeOnLoadAttributes (1057ms)
			ProcessInitializeOnLoadMethodAttributes (437ms)
			AfterProcessingInitializeOnLoad (17ms)
			EditorAssembliesLoaded (1ms)
		ExecutionOrderSort2 (0ms)
		AwakeInstancesAfterBackupRestoration (44ms)
Refreshing native plugins compatible for Editor in 3.17 ms, found 4 plugins.
Preloading 0 native plugins for Editor in 0.00 ms.
Unloading 17 Unused Serialized files (Serialized files now loaded: 0)
Unloading 8464 unused Assets / (5.2 MB). Loaded Objects now: 9281.
Memory consumption went from 171.5 MB to 166.2 MB.
Total: 28.212100 ms (FindLiveObjects: 1.714600 ms CreateObjectMapping: 2.822300 ms MarkObjects: 16.958300 ms  DeleteObjects: 6.715600 ms)

Unloading 0 Unused Serialized files (Serialized files now loaded: 0)
Unloading 0 unused Assets / (6.2 MB). Loaded Objects now: 9281.
Memory consumption went from 165.6 MB to 159.4 MB.
Total: 18.116500 ms (FindLiveObjects: 0.706900 ms CreateObjectMapping: 0.957500 ms MarkObjects: 14.122900 ms  DeleteObjects: 2.326900 ms)

Prepare: number of updated asset objects reloaded= 0
========================================================================
Received Import Request.
  Time since last request: 135764.788487 seconds.
  path: Assets/_Recovery/0.unity
  artifactKey: Guid(82b32489e71b9354482c13db17a3502a) Importer(2089858483,b0f066a214c2f5e87bad3c948f4d605d)
Start importing Assets/_Recovery/0.unity using Guid(82b32489e71b9354482c13db17a3502a) Importer(2089858483,b0f066a214c2f5e87bad3c948f4d605d) (ScriptedImporter) -> (artifact id: '9d3c0fe0174413a5207f1ebe10ef8490') in 0.1161272 seconds
Number of updated asset objects reloaded before import = 0Number of asset objects unloaded after import = 1

========================================================================
Received Import Request.
  Time since last request: 0.000027 seconds.
  path: Assets/Animation/P2-LR.anim
  artifactKey: Guid(8f20614d392780743bae49ad2383b7a4) Importer(2089858483,b0f066a214c2f5e87bad3c948f4d605d)
Start importing Assets/Animation/P2-LR.anim using Guid(8f20614d392780743bae49ad2383b7a4) Importer(2089858483,b0f066a214c2f5e87bad3c948f4d605d) (ScriptedImporter) -> (artifact id: '9bb418b023625500e545163046f32978') in 0.0576091 seconds
Number of updated asset objects reloaded before import = 0Number of asset objects unloaded after import = 1

========================================================================
Received Import Request.
  Time since last request: 0.000025 seconds.
  path: Assets/Scenes/SampleScene.unity
  artifactKey: Guid(99c9720ab356a0642a771bea13969a05) Importer(2089858483,b0f066a214c2f5e87bad3c948f4d605d)
Start importing Assets/Scenes/SampleScene.unity using Guid(99c9720ab356a0642a771bea13969a05) Importer(2089858483,b0f066a214c2f5e87bad3c948f4d605d) (ScriptedImporter) -> (artifact id: 'f0c2bfd0189816b80090b7977ccf381b') in 0.0176752 seconds
Number of updated asset objects reloaded before import = 0Number of asset objects unloaded after import = 1

========================================================================
Received Prepare
Refreshing native plugins compatible for Editor in 2.47 ms, found 4 plugins.
Preloading 0 native plugins for Editor in 0.00 ms.
Unloading 17 Unused Serialized files (Serialized files now loaded: 0)
Unloading 8453 unused Assets / (5.3 MB). Loaded Objects now: 9284.
Memory consumption went from 172.5 MB to 167.2 MB.
Total: 17.195000 ms (FindLiveObjects: 1.384100 ms CreateObjectMapping: 2.447400 ms MarkObjects: 9.108200 ms  DeleteObjects: 4.253700 ms)

Prepare: number of updated asset objects reloaded= 0
========================================================================
Received Import Request.
  Time since last request: 3.557442 seconds.
  path: Assets/PlayerAttach.cs
  artifactKey: Guid(1e6a271baefa3ab47906535be40f440a) Importer(2089858483,b0f066a214c2f5e87bad3c948f4d605d)
Start importing Assets/PlayerAttach.cs using Guid(1e6a271baefa3ab47906535be40f440a) Importer(2089858483,b0f066a214c2f5e87bad3c948f4d605d) (ScriptedImporter) -> (artifact id: '4f4fd319d2a21430ead6a7759e2f9796') in 0.0226402 seconds
Number of updated asset objects reloaded before import = 0Number of asset objects unloaded after import = 0

========================================================================
Received Import Request.
  Time since last request: 0.000034 seconds.
  path: Assets/PlayerAttach.cs
  artifactKey: Guid(1e6a271baefa3ab47906535be40f440a) Importer(815301076,1909f56bfc062723c751e8b465ee728b)
Start importing Assets/PlayerAttach.cs using Guid(1e6a271baefa3ab47906535be40f440a) Importer(815301076,1909f56bfc062723c751e8b465ee728b) (PreviewImporter) -> (artifact id: '8583bb5667ff34ec42078488c8d1cc64') in 0.0009889 seconds
Number of updated asset objects reloaded before import = 0Number of asset objects unloaded after import = 0

========================================================================
Received Prepare
Refreshing native plugins compatible for Editor in 7.96 ms, found 4 plugins.
Preloading 0 native plugins for Editor in 0.00 ms.
Unloading 17 Unused Serialized files (Serialized files now loaded: 0)
Unloading 8453 unused Assets / (5.6 MB). Loaded Objects now: 9284.
Memory consumption went from 172.5 MB to 166.9 MB.
Total: 54.898500 ms (FindLiveObjects: 2.649800 ms CreateObjectMapping: 7.486300 ms MarkObjects: 29.881400 ms  DeleteObjects: 14.876800 ms)

Prepare: number of updated asset objects reloaded= 0
========================================================================
Received Import Request.
  Time since last request: 128.793599 seconds.
  path: Assets/PlayerAttach.cs
  artifactKey: Guid(1e6a271baefa3ab47906535be40f440a) Importer(2089858483,b0f066a214c2f5e87bad3c948f4d605d)
Start importing Assets/PlayerAttach.cs using Guid(1e6a271baefa3ab47906535be40f440a) Importer(2089858483,b0f066a214c2f5e87bad3c948f4d605d) (ScriptedImporter) -> (artifact id: '6ab55434187e0536faf634310e3f6699') in 0.0330557 seconds
Number of updated asset objects reloaded before import = 0Number of asset objects unloaded after import = 0

========================================================================
Received Prepare
Assembly reference Packages/com.unity.entities/Unity.Scenes.Editor/Internals/Properties/Unity.Properties.Internals.asmref has no target assembly definition
Assembly reference Packages/com.unity.entities/Unity.Scenes.Editor/Internals/Properties/Unity.Properties.Internals.asmref has no target assembly definition
Begin MonoManager ReloadAssembly
[Licensing::Client] Successfully resolved entitlement details
- Loaded All Assemblies, in  1.491 seconds
Assembly reference Packages/com.unity.entities/Unity.Scenes.Editor/Internals/Properties/Unity.Properties.Internals.asmref has no target assembly definition
Refreshing native plugins compatible for Editor in 1.89 ms, found 4 plugins.
Native extension for WindowsStandalone target not found
Assembly reference Packages/com.unity.entities/Unity.Scenes.Editor/Internals/Properties/Unity.Properties.Internals.asmref has no target assembly definition
TypeManager.Initialize took: 194ms
[Package Manager] Failed to launch server process. Reason: Unity was launched with the -noUpm command-line argument
[Package Manager] Unable to send message (not connected to server process).
[Package Manager] Cannot connect to Unity Package Manager local server
[MODES] ModeService[none].Initialize
[MODES] ModeService[none].LoadModes
ScheduleIndexationOnStartup MainProcess:False IndexOnStartup:True
Mono: successfully reloaded assembly
- Finished resetting the current domain, in  1.736 seconds
Domain Reload Profiling: 3223ms
	BeginReloadAssembly (442ms)
		ExecutionOrderSort (0ms)
		DisableScriptedObjects (9ms)
		BackupInstance (0ms)
		ReleaseScriptingObjects (0ms)
		CreateAndSetChildDomain (111ms)
	RebuildCommonClasses (85ms)
	RebuildNativeTypeToScriptingClass (21ms)
	initialDomainReloadingComplete (43ms)
	LoadAllAssembliesAndSetupDomain (895ms)
		LoadAssemblies (758ms)
		RebuildTransferFunctionScriptingTraits (0ms)
		AnalyzeDomain (364ms)
			TypeCache.Refresh (30ms)
				TypeCache.ScanAssembly (1ms)
			BuildScriptInfoCaches (312ms)
			ResolveRequiredComponents (14ms)
	FinalizeReload (1737ms)
		ReleaseScriptCaches (0ms)
		RebuildScriptCaches (0ms)
		SetupLoadedEditorAssemblies (1499ms)
			LogAssemblyErrors (0ms)
			InitializePlatformSupportModulesInManaged (2ms)
			SetLoadedEditorAssemblies (5ms)
			BeforeProcessingInitializeOnLoad (272ms)
			ProcessInitializeOnLoadAttributes (930ms)
			ProcessInitializeOnLoadMethodAttributes (276ms)
			AfterProcessingInitializeOnLoad (14ms)
			EditorAssembliesLoaded (1ms)
		ExecutionOrderSort2 (0ms)
		AwakeInstancesAfterBackupRestoration (21ms)
Refreshing native plugins compatible for Editor in 2.15 ms, found 4 plugins.
Preloading 0 native plugins for Editor in 0.00 ms.
Unloading 17 Unused Serialized files (Serialized files now loaded: 0)
Unloading 8465 unused Assets / (5.3 MB). Loaded Objects now: 9284.
Memory consumption went from 172.3 MB to 167.1 MB.
Total: 18.183200 ms (FindLiveObjects: 1.311500 ms CreateObjectMapping: 1.756900 ms MarkObjects: 10.371200 ms  DeleteObjects: 4.742100 ms)

Unloading 0 Unused Serialized files (Serialized files now loaded: 0)
Unloading 0 unused Assets / (6.8 MB). Loaded Objects now: 9284.
Memory consumption went from 167.1 MB to 160.3 MB.
Total: 14.147700 ms (FindLiveObjects: 0.950300 ms CreateObjectMapping: 0.685500 ms MarkObjects: 10.197600 ms  DeleteObjects: 2.312800 ms)

Prepare: number of updated asset objects reloaded= 0
========================================================================
Received Prepare
Assembly reference Packages/com.unity.entities/Unity.Scenes.Editor/Internals/Properties/Unity.Properties.Internals.asmref has no target assembly definition
Assembly reference Packages/com.unity.entities/Unity.Scenes.Editor/Internals/Properties/Unity.Properties.Internals.asmref has no target assembly definition
Begin MonoManager ReloadAssembly
[Licensing::Client] Successfully resolved entitlement details
- Loaded All Assemblies, in  1.208 seconds
Assembly reference Packages/com.unity.entities/Unity.Scenes.Editor/Internals/Properties/Unity.Properties.Internals.asmref has no target assembly definition
Refreshing native plugins compatible for Editor in 2.16 ms, found 4 plugins.
Native extension for WindowsStandalone target not found
Assembly reference Packages/com.unity.entities/Unity.Scenes.Editor/Internals/Properties/Unity.Properties.Internals.asmref has no target assembly definition
TypeManager.Initialize took: 175ms
[Package Manager] Failed to launch server process. Reason: Unity was launched with the -noUpm command-line argument
[Package Manager] Unable to send message (not connected to server process).
[Package Manager] Cannot connect to Unity Package Manager local server
[MODES] ModeService[none].Initialize
[MODES] ModeService[none].LoadModes
ScheduleIndexationOnStartup MainProcess:False IndexOnStartup:True
Mono: successfully reloaded assembly
- Finished resetting the current domain, in  2.000 seconds
Domain Reload Profiling: 3206ms
	BeginReloadAssembly (336ms)
		ExecutionOrderSort (0ms)
		DisableScriptedObjects (8ms)
		BackupInstance (0ms)
		ReleaseScriptingObjects (0ms)
		CreateAndSetChildDomain (87ms)
	RebuildCommonClasses (49ms)
	RebuildNativeTypeToScriptingClass (19ms)
	initialDomainReloadingComplete (44ms)
	LoadAllAssembliesAndSetupDomain (757ms)
		LoadAssemblies (593ms)
		RebuildTransferFunctionScriptingTraits (0ms)
		AnalyzeDomain (315ms)
			TypeCache.Refresh (12ms)
				TypeCache.ScanAssembly (0ms)
			BuildScriptInfoCaches (277ms)
			ResolveRequiredComponents (16ms)
	FinalizeReload (2001ms)
		ReleaseScriptCaches (0ms)
		RebuildScriptCaches (0ms)
		SetupLoadedEditorAssemblies (1779ms)
			LogAssemblyErrors (0ms)
			InitializePlatformSupportModulesInManaged (2ms)
			SetLoadedEditorAssemblies (5ms)
			BeforeProcessingInitializeOnLoad (272ms)
			ProcessInitializeOnLoadAttributes (1036ms)
			ProcessInitializeOnLoadMethodAttributes (447ms)
			AfterProcessingInitializeOnLoad (15ms)
			EditorAssembliesLoaded (1ms)
		ExecutionOrderSort2 (0ms)
		AwakeInstancesAfterBackupRestoration (25ms)
Refreshing native plugins compatible for Editor in 2.46 ms, found 4 plugins.
Preloading 0 native plugins for Editor in 0.00 ms.
Unloading 17 Unused Serialized files (Serialized files now loaded: 0)
Unloading 8465 unused Assets / (5.2 MB). Loaded Objects now: 9284.
Memory consumption went from 172.4 MB to 167.2 MB.
Total: 29.301400 ms (FindLiveObjects: 2.294300 ms CreateObjectMapping: 3.048900 ms MarkObjects: 16.177700 ms  DeleteObjects: 7.778400 ms)

Unloading 0 Unused Serialized files (Serialized files now loaded: 0)
Unloading 0 unused Assets / (6.3 MB). Loaded Objects now: 9284.
Memory consumption went from 166.6 MB to 160.3 MB.
Total: 18.648200 ms (FindLiveObjects: 1.098000 ms CreateObjectMapping: 0.963400 ms MarkObjects: 13.178400 ms  DeleteObjects: 3.405300 ms)

Prepare: number of updated asset objects reloaded= 0
========================================================================
Received Prepare
Assembly reference Packages/com.unity.entities/Unity.Scenes.Editor/Internals/Properties/Unity.Properties.Internals.asmref has no target assembly definition
Assembly reference Packages/com.unity.entities/Unity.Scenes.Editor/Internals/Properties/Unity.Properties.Internals.asmref has no target assembly definition
Begin MonoManager ReloadAssembly
- Loaded All Assemblies, in  1.219 seconds
Assembly reference Packages/com.unity.entities/Unity.Scenes.Editor/Internals/Properties/Unity.Properties.Internals.asmref has no target assembly definition
Refreshing native plugins compatible for Editor in 2.46 ms, found 4 plugins.
Native extension for WindowsStandalone target not found
Assembly reference Packages/com.unity.entities/Unity.Scenes.Editor/Internals/Properties/Unity.Properties.Internals.asmref has no target assembly definition
TypeManager.Initialize took: 173ms
[Package Manager] Failed to launch server process. Reason: Unity was launched with the -noUpm command-line argument
[Package Manager] Unable to send message (not connected to server process).
[Package Manager] Cannot connect to Unity Package Manager local server
[MODES] ModeService[none].Initialize
[MODES] ModeService[none].LoadModes
ScheduleIndexationOnStartup MainProcess:False IndexOnStartup:True
Mono: successfully reloaded assembly
- Finished resetting the current domain, in  2.067 seconds
Domain Reload Profiling: 3283ms
	BeginReloadAssembly (338ms)
		ExecutionOrderSort (0ms)
		DisableScriptedObjects (9ms)
		BackupInstance (0ms)
		ReleaseScriptingObjects (0ms)
		CreateAndSetChildDomain (94ms)
	RebuildCommonClasses (68ms)
	RebuildNativeTypeToScriptingClass (22ms)
	initialDomainReloadingComplete (50ms)
	LoadAllAssembliesAndSetupDomain (738ms)
		LoadAssemblies (550ms)
		RebuildTransferFunctionScriptingTraits (0ms)
		AnalyzeDomain (326ms)
			TypeCache.Refresh (11ms)
				TypeCache.ScanAssembly (0ms)
			BuildScriptInfoCaches (291ms)
			ResolveRequiredComponents (15ms)
	FinalizeReload (2068ms)
		ReleaseScriptCaches (0ms)
		RebuildScriptCaches (0ms)
		SetupLoadedEditorAssemblies (1818ms)
			LogAssemblyErrors (0ms)
			InitializePlatformSupportModulesInManaged (2ms)
			SetLoadedEditorAssemblies (5ms)
			BeforeProcessingInitializeOnLoad (253ms)
			ProcessInitializeOnLoadAttributes (1078ms)
			ProcessInitializeOnLoadMethodAttributes (465ms)
			AfterProcessingInitializeOnLoad (13ms)
			EditorAssembliesLoaded (1ms)
		ExecutionOrderSort2 (0ms)
		AwakeInstancesAfterBackupRestoration (29ms)
Refreshing native plugins compatible for Editor in 2.44 ms, found 4 plugins.
Preloading 0 native plugins for Editor in 0.00 ms.
Unloading 17 Unused Serialized files (Serialized files now loaded: 0)
Unloading 8465 unused Assets / (6.0 MB). Loaded Objects now: 9284.
Memory consumption went from 172.4 MB to 166.4 MB.
Total: 24.197800 ms (FindLiveObjects: 1.336300 ms CreateObjectMapping: 2.387900 ms MarkObjects: 14.454200 ms  DeleteObjects: 6.017900 ms)

Unloading 0 Unused Serialized files (Serialized files now loaded: 0)
Unloading 0 unused Assets / (5.5 MB). Loaded Objects now: 9284.
Memory consumption went from 165.8 MB to 160.4 MB.
Total: 15.710200 ms (FindLiveObjects: 1.066200 ms CreateObjectMapping: 1.124800 ms MarkObjects: 11.400500 ms  DeleteObjects: 2.117100 ms)

Prepare: number of updated asset objects reloaded= 0
========================================================================
Received Prepare
Assembly reference Packages/com.unity.entities/Unity.Scenes.Editor/Internals/Properties/Unity.Properties.Internals.asmref has no target assembly definition
Assembly reference Packages/com.unity.entities/Unity.Scenes.Editor/Internals/Properties/Unity.Properties.Internals.asmref has no target assembly definition
Begin MonoManager ReloadAssembly
[Licensing::Client] Successfully resolved entitlement details
- Loaded All Assemblies, in  1.280 seconds
Assembly reference Packages/com.unity.entities/Unity.Scenes.Editor/Internals/Properties/Unity.Properties.Internals.asmref has no target assembly definition
Refreshing native plugins compatible for Editor in 2.10 ms, found 4 plugins.
Native extension for WindowsStandalone target not found
Assembly reference Packages/com.unity.entities/Unity.Scenes.Editor/Internals/Properties/Unity.Properties.Internals.asmref has no target assembly definition
TypeManager.Initialize took: 236ms
[Package Manager] Failed to launch server process. Reason: Unity was launched with the -noUpm command-line argument
[Package Manager] Unable to send message (not connected to server process).
[Package Manager] Cannot connect to Unity Package Manager local server
[MODES] ModeService[none].Initialize
[MODES] ModeService[none].LoadModes
ScheduleIndexationOnStartup MainProcess:False IndexOnStartup:True
Mono: successfully reloaded assembly
- Finished resetting the current domain, in  2.218 seconds
Domain Reload Profiling: 3494ms
	BeginReloadAssembly (348ms)
		ExecutionOrderSort (0ms)
		DisableScriptedObjects (13ms)
		BackupInstance (0ms)
		ReleaseScriptingObjects (0ms)
		CreateAndSetChildDomain (101ms)
	RebuildCommonClasses (64ms)
	RebuildNativeTypeToScriptingClass (19ms)
	initialDomainReloadingComplete (45ms)
	LoadAllAssembliesAndSetupDomain (798ms)
		LoadAssemblies (575ms)
		RebuildTransferFunctionScriptingTraits (0ms)
		AnalyzeDomain (368ms)
			TypeCache.Refresh (12ms)
				TypeCache.ScanAssembly (0ms)
			BuildScriptInfoCaches (334ms)
			ResolveRequiredComponents (14ms)
	FinalizeReload (2218ms)
		ReleaseScriptCaches (0ms)
		RebuildScriptCaches (0ms)
		SetupLoadedEditorAssemblies (1963ms)
			LogAssemblyErrors (0ms)
			InitializePlatformSupportModulesInManaged (2ms)
			SetLoadedEditorAssemblies (5ms)
			BeforeProcessingInitializeOnLoad (279ms)
			ProcessInitializeOnLoadAttributes (1249ms)
			ProcessInitializeOnLoadMethodAttributes (415ms)
			AfterProcessingInitializeOnLoad (11ms)
			EditorAssembliesLoaded (1ms)
		ExecutionOrderSort2 (0ms)
		AwakeInstancesAfterBackupRestoration (30ms)
Refreshing native plugins compatible for Editor in 2.41 ms, found 4 plugins.
Preloading 0 native plugins for Editor in 0.00 ms.
Unloading 17 Unused Serialized files (Serialized files now loaded: 0)
Unloading 8465 unused Assets / (5.6 MB). Loaded Objects now: 9284.
Memory consumption went from 172.5 MB to 166.8 MB.
Total: 23.191000 ms (FindLiveObjects: 1.216100 ms CreateObjectMapping: 2.761800 ms MarkObjects: 13.603900 ms  DeleteObjects: 5.608200 ms)

Unloading 0 Unused Serialized files (Serialized files now loaded: 0)
Unloading 0 unused Assets / (5.9 MB). Loaded Objects now: 9284.
Memory consumption went from 166.3 MB to 160.4 MB.
Total: 14.626600 ms (FindLiveObjects: 0.838000 ms CreateObjectMapping: 0.916500 ms MarkObjects: 10.302700 ms  DeleteObjects: 2.567500 ms)

Prepare: number of updated asset objects reloaded= 0
========================================================================
Received Prepare
Refreshing native plugins compatible for Editor in 4.49 ms, found 4 plugins.
Preloading 0 native plugins for Editor in 0.00 ms.
Unloading 17 Unused Serialized files (Serialized files now loaded: 0)
Unloading 8452 unused Assets / (5.0 MB). Loaded Objects now: 9283.
Memory consumption went from 172.6 MB to 167.7 MB.
Total: 54.322700 ms (FindLiveObjects: 1.720300 ms CreateObjectMapping: 6.068500 ms MarkObjects: 30.447500 ms  DeleteObjects: 16.083500 ms)

Prepare: number of updated asset objects reloaded= 0
========================================================================
Received Prepare
Assembly reference Packages/com.unity.entities/Unity.Scenes.Editor/Internals/Properties/Unity.Properties.Internals.asmref has no target assembly definition
Assembly reference Packages/com.unity.entities/Unity.Scenes.Editor/Internals/Properties/Unity.Properties.Internals.asmref has no target assembly definition
Begin MonoManager ReloadAssembly
[Licensing::Client] Successfully resolved entitlement details
- Loaded All Assemblies, in  1.643 seconds
Assembly reference Packages/com.unity.entities/Unity.Scenes.Editor/Internals/Properties/Unity.Properties.Internals.asmref has no target assembly definition
Refreshing native plugins compatible for Editor in 2.97 ms, found 4 plugins.
Native extension for WindowsStandalone target not found
Assembly reference Packages/com.unity.entities/Unity.Scenes.Editor/Internals/Properties/Unity.Properties.Internals.asmref has no target assembly definition
TypeManager.Initialize took: 169ms
[Package Manager] Failed to launch server process. Reason: Unity was launched with the -noUpm command-line argument
[Package Manager] Unable to send message (not connected to server process).
[Package Manager] Cannot connect to Unity Package Manager local server
[MODES] ModeService[none].Initialize
[MODES] ModeService[none].LoadModes
ScheduleIndexationOnStartup MainProcess:False IndexOnStartup:True
Mono: successfully reloaded assembly
- Finished resetting the current domain, in  1.903 seconds
Domain Reload Profiling: 3543ms
	BeginReloadAssembly (442ms)
		ExecutionOrderSort (0ms)
		DisableScriptedObjects (20ms)
		BackupInstance (0ms)
		ReleaseScriptingObjects (0ms)
		CreateAndSetChildDomain (88ms)
	RebuildCommonClasses (71ms)
	RebuildNativeTypeToScriptingClass (28ms)
	initialDomainReloadingComplete (75ms)
	LoadAllAssembliesAndSetupDomain (1021ms)
		LoadAssemblies (822ms)
		RebuildTransferFunctionScriptingTraits (0ms)
		AnalyzeDomain (411ms)
			TypeCache.Refresh (29ms)
				TypeCache.ScanAssembly (1ms)
			BuildScriptInfoCaches (356ms)
			ResolveRequiredComponents (16ms)
	FinalizeReload (1905ms)
		ReleaseScriptCaches (0ms)
		RebuildScriptCaches (0ms)
		SetupLoadedEditorAssemblies (1619ms)
			LogAssemblyErrors (0ms)
			InitializePlatformSupportModulesInManaged (2ms)
			SetLoadedEditorAssemblies (5ms)
			BeforeProcessingInitializeOnLoad (313ms)
			ProcessInitializeOnLoadAttributes (977ms)
			ProcessInitializeOnLoadMethodAttributes (306ms)
			AfterProcessingInitializeOnLoad (15ms)
			EditorAssembliesLoaded (1ms)
		ExecutionOrderSort2 (0ms)
		AwakeInstancesAfterBackupRestoration (39ms)
Refreshing native plugins compatible for Editor in 3.24 ms, found 4 plugins.
Preloading 0 native plugins for Editor in 0.00 ms.
Unloading 17 Unused Serialized files (Serialized files now loaded: 0)
Unloading 8464 unused Assets / (5.4 MB). Loaded Objects now: 9283.
Memory consumption went from 172.4 MB to 167.0 MB.
Total: 40.731600 ms (FindLiveObjects: 3.103200 ms CreateObjectMapping: 5.296200 ms MarkObjects: 24.898400 ms  DeleteObjects: 7.430600 ms)

Unloading 0 Unused Serialized files (Serialized files now loaded: 0)
Unloading 0 unused Assets / (6.0 MB). Loaded Objects now: 9283.
Memory consumption went from 166.4 MB to 160.4 MB.
Total: 19.668300 ms (FindLiveObjects: 1.301900 ms CreateObjectMapping: 1.487400 ms MarkObjects: 14.689000 ms  DeleteObjects: 2.186800 ms)

Prepare: number of updated asset objects reloaded= 0
========================================================================
Received Prepare
Assembly reference Packages/com.unity.entities/Unity.Scenes.Editor/Internals/Properties/Unity.Properties.Internals.asmref has no target assembly definition
Assembly reference Packages/com.unity.entities/Unity.Scenes.Editor/Internals/Properties/Unity.Properties.Internals.asmref has no target assembly definition
Begin MonoManager ReloadAssembly
[Licensing::Client] Successfully resolved entitlement details
- Loaded All Assemblies, in  1.204 seconds
Assembly reference Packages/com.unity.entities/Unity.Scenes.Editor/Internals/Properties/Unity.Properties.Internals.asmref has no target assembly definition
Refreshing native plugins compatible for Editor in 1.90 ms, found 4 plugins.
Native extension for WindowsStandalone target not found
Assembly reference Packages/com.unity.entities/Unity.Scenes.Editor/Internals/Properties/Unity.Properties.Internals.asmref has no target assembly definition
TypeManager.Initialize took: 157ms
[Package Manager] Failed to launch server process. Reason: Unity was launched with the -noUpm command-line argument
[Package Manager] Unable to send message (not connected to server process).
[Package Manager] Cannot connect to Unity Package Manager local server
[MODES] ModeService[none].Initialize
[MODES] ModeService[none].LoadModes
ScheduleIndexationOnStartup MainProcess:False IndexOnStartup:True
Mono: successfully reloaded assembly
- Finished resetting the current domain, in  1.998 seconds
Domain Reload Profiling: 3200ms
	BeginReloadAssembly (335ms)
		ExecutionOrderSort (0ms)
		DisableScriptedObjects (11ms)
		BackupInstance (0ms)
		ReleaseScriptingObjects (0ms)
		CreateAndSetChildDomain (91ms)
	RebuildCommonClasses (50ms)
	RebuildNativeTypeToScriptingClass (21ms)
	initialDomainReloadingComplete (48ms)
	LoadAllAssembliesAndSetupDomain (748ms)
		LoadAssemblies (575ms)
		RebuildTransferFunctionScriptingTraits (0ms)
		AnalyzeDomain (319ms)
			TypeCache.Refresh (12ms)
				TypeCache.ScanAssembly (0ms)
			BuildScriptInfoCaches (286ms)
			ResolveRequiredComponents (14ms)
	FinalizeReload (1998ms)
		ReleaseScriptCaches (0ms)
		RebuildScriptCaches (0ms)
		SetupLoadedEditorAssemblies (1778ms)
			LogAssemblyErrors (0ms)
			InitializePlatformSupportModulesInManaged (2ms)
			SetLoadedEditorAssemblies (5ms)
			BeforeProcessingInitializeOnLoad (255ms)
			ProcessInitializeOnLoadAttributes (946ms)
			ProcessInitializeOnLoadMethodAttributes (557ms)
			AfterProcessingInitializeOnLoad (12ms)
			EditorAssembliesLoaded (1ms)
		ExecutionOrderSort2 (0ms)
		AwakeInstancesAfterBackupRestoration (27ms)
Refreshing native plugins compatible for Editor in 2.41 ms, found 4 plugins.
Preloading 0 native plugins for Editor in 0.00 ms.
Unloading 17 Unused Serialized files (Serialized files now loaded: 0)
Unloading 8464 unused Assets / (5.5 MB). Loaded Objects now: 9283.
Memory consumption went from 172.6 MB to 167.2 MB.
Total: 27.234500 ms (FindLiveObjects: 1.758400 ms CreateObjectMapping: 3.611600 ms MarkObjects: 15.749300 ms  DeleteObjects: 6.113000 ms)

Unloading 0 Unused Serialized files (Serialized files now loaded: 0)
Unloading 0 unused Assets / (6.0 MB). Loaded Objects now: 9283.
Memory consumption went from 166.6 MB to 160.6 MB.
Total: 18.362900 ms (FindLiveObjects: 1.128000 ms CreateObjectMapping: 1.128700 ms MarkObjects: 13.153200 ms  DeleteObjects: 2.949500 ms)

Prepare: number of updated asset objects reloaded= 0
========================================================================
Received Prepare
Refreshing native plugins compatible for Editor in 3.08 ms, found 4 plugins.
Preloading 0 native plugins for Editor in 0.00 ms.
Unloading 17 Unused Serialized files (Serialized files now loaded: 0)
Unloading 8452 unused Assets / (5.9 MB). Loaded Objects now: 9283.
Memory consumption went from 172.8 MB to 166.9 MB.
Total: 25.984800 ms (FindLiveObjects: 1.413700 ms CreateObjectMapping: 3.215200 ms MarkObjects: 13.992200 ms  DeleteObjects: 7.361800 ms)

Prepare: number of updated asset objects reloaded= 0
========================================================================
Received Prepare
Refreshing native plugins compatible for Editor in 1.92 ms, found 4 plugins.
Preloading 0 native plugins for Editor in 0.00 ms.
Unloading 17 Unused Serialized files (Serialized files now loaded: 0)
Unloading 8452 unused Assets / (5.2 MB). Loaded Objects now: 9283.
Memory consumption went from 172.8 MB to 167.6 MB.
Total: 22.294400 ms (FindLiveObjects: 1.267900 ms CreateObjectMapping: 2.519400 ms MarkObjects: 12.880700 ms  DeleteObjects: 5.624500 ms)

Prepare: number of updated asset objects reloaded= 0
========================================================================
Received Prepare
Refreshing native plugins compatible for Editor in 2.24 ms, found 4 plugins.
Preloading 0 native plugins for Editor in 0.00 ms.
Unloading 17 Unused Serialized files (Serialized files now loaded: 0)
Unloading 8452 unused Assets / (5.6 MB). Loaded Objects now: 9283.
Memory consumption went from 172.8 MB to 167.2 MB.
Total: 19.905500 ms (FindLiveObjects: 1.773300 ms CreateObjectMapping: 2.548500 ms MarkObjects: 9.197600 ms  DeleteObjects: 6.384900 ms)

Prepare: number of updated asset objects reloaded= 0
========================================================================
Received Prepare
Assembly reference Packages/com.unity.entities/Unity.Scenes.Editor/Internals/Properties/Unity.Properties.Internals.asmref has no target assembly definition
Assembly reference Packages/com.unity.entities/Unity.Scenes.Editor/Internals/Properties/Unity.Properties.Internals.asmref has no target assembly definition
Begin MonoManager ReloadAssembly
[Licensing::Client] Successfully resolved entitlement details
- Loaded All Assemblies, in  1.282 seconds
Assembly reference Packages/com.unity.entities/Unity.Scenes.Editor/Internals/Properties/Unity.Properties.Internals.asmref has no target assembly definition
Refreshing native plugins compatible for Editor in 2.15 ms, found 4 plugins.
Native extension for WindowsStandalone target not found
Assembly reference Packages/com.unity.entities/Unity.Scenes.Editor/Internals/Properties/Unity.Properties.Internals.asmref has no target assembly definition
TypeManager.Initialize took: 173ms
[Package Manager] Failed to launch server process. Reason: Unity was launched with the -noUpm command-line argument
[Package Manager] Unable to send message (not connected to server process).
[Package Manager] Cannot connect to Unity Package Manager local server
[MODES] ModeService[none].Initialize
[MODES] ModeService[none].LoadModes
ScheduleIndexationOnStartup MainProcess:False IndexOnStartup:True
Mono: successfully reloaded assembly
- Finished resetting the current domain, in  1.602 seconds
Domain Reload Profiling: 2881ms
	BeginReloadAssembly (350ms)
		ExecutionOrderSort (0ms)
		DisableScriptedObjects (8ms)
		BackupInstance (0ms)
		ReleaseScriptingObjects (0ms)
		CreateAndSetChildDomain (103ms)
	RebuildCommonClasses (56ms)
	RebuildNativeTypeToScriptingClass (19ms)
	initialDomainReloadingComplete (46ms)
	LoadAllAssembliesAndSetupDomain (807ms)
		LoadAssemblies (589ms)
		RebuildTransferFunctionScriptingTraits (0ms)
		AnalyzeDomain (362ms)
			TypeCache.Refresh (16ms)
				TypeCache.ScanAssembly (0ms)
			BuildScriptInfoCaches (318ms)
			ResolveRequiredComponents (18ms)
	FinalizeReload (1603ms)
		ReleaseScriptCaches (0ms)
		RebuildScriptCaches (0ms)
		SetupLoadedEditorAssemblies (1391ms)
			LogAssemblyErrors (0ms)
			InitializePlatformSupportModulesInManaged (2ms)
			SetLoadedEditorAssemblies (5ms)
			BeforeProcessingInitializeOnLoad (266ms)
			ProcessInitializeOnLoadAttributes (811ms)
			ProcessInitializeOnLoadMethodAttributes (297ms)
			AfterProcessingInitializeOnLoad (10ms)
			EditorAssembliesLoaded (1ms)
		ExecutionOrderSort2 (0ms)
		AwakeInstancesAfterBackupRestoration (22ms)
Refreshing native plugins compatible for Editor in 1.99 ms, found 4 plugins.
Preloading 0 native plugins for Editor in 0.00 ms.
Unloading 17 Unused Serialized files (Serialized files now loaded: 0)
Unloading 8464 unused Assets / (5.5 MB). Loaded Objects now: 9283.
Memory consumption went from 172.7 MB to 167.1 MB.
Total: 15.863700 ms (FindLiveObjects: 0.995100 ms CreateObjectMapping: 1.477400 ms MarkObjects: 9.247100 ms  DeleteObjects: 4.142800 ms)

Unloading 0 Unused Serialized files (Serialized files now loaded: 0)
Unloading 0 unused Assets / (6.5 MB). Loaded Objects now: 9283.
Memory consumption went from 167.1 MB to 160.6 MB.
Total: 14.113900 ms (FindLiveObjects: 0.814000 ms CreateObjectMapping: 0.559600 ms MarkObjects: 10.986500 ms  DeleteObjects: 1.752400 ms)

Prepare: number of updated asset objects reloaded= 0
========================================================================
Received Prepare
Assembly reference Packages/com.unity.entities/Unity.Scenes.Editor/Internals/Properties/Unity.Properties.Internals.asmref has no target assembly definition
Assembly reference Packages/com.unity.entities/Unity.Scenes.Editor/Internals/Properties/Unity.Properties.Internals.asmref has no target assembly definition
Begin MonoManager ReloadAssembly
- Loaded All Assemblies, in  1.253 seconds
Assembly reference Packages/com.unity.entities/Unity.Scenes.Editor/Internals/Properties/Unity.Properties.Internals.asmref has no target assembly definition
Refreshing native plugins compatible for Editor in 2.02 ms, found 4 plugins.
Native extension for WindowsStandalone target not found
Assembly reference Packages/com.unity.entities/Unity.Scenes.Editor/Internals/Properties/Unity.Properties.Internals.asmref has no target assembly definition
TypeManager.Initialize took: 176ms
[Package Manager] Failed to launch server process. Reason: Unity was launched with the -noUpm command-line argument
[Package Manager] Unable to send message (not connected to server process).
[Package Manager] Cannot connect to Unity Package Manager local server
[MODES] ModeService[none].Initialize
[MODES] ModeService[none].LoadModes
ScheduleIndexationOnStartup MainProcess:False IndexOnStartup:True
Mono: successfully reloaded assembly
- Finished resetting the current domain, in  1.869 seconds
Domain Reload Profiling: 3120ms
	BeginReloadAssembly (360ms)
		ExecutionOrderSort (0ms)
		DisableScriptedObjects (13ms)
		BackupInstance (0ms)
		ReleaseScriptingObjects (0ms)
		CreateAndSetChildDomain (103ms)
	RebuildCommonClasses (58ms)
	RebuildNativeTypeToScriptingClass (20ms)
	initialDomainReloadingComplete (45ms)
	LoadAllAssembliesAndSetupDomain (767ms)
		LoadAssemblies (592ms)
		RebuildTransferFunctionScriptingTraits (0ms)
		AnalyzeDomain (326ms)
			TypeCache.Refresh (12ms)
				TypeCache.ScanAssembly (0ms)
			BuildScriptInfoCaches (289ms)
			ResolveRequiredComponents (17ms)
	FinalizeReload (1869ms)
		ReleaseScriptCaches (0ms)
		RebuildScriptCaches (0ms)
		SetupLoadedEditorAssemblies (1616ms)
			LogAssemblyErrors (0ms)
			InitializePlatformSupportModulesInManaged (2ms)
			SetLoadedEditorAssemblies (5ms)
			BeforeProcessingInitializeOnLoad (278ms)
			ProcessInitializeOnLoadAttributes (940ms)
			ProcessInitializeOnLoadMethodAttributes (376ms)
			AfterProcessingInitializeOnLoad (14ms)
			EditorAssembliesLoaded (1ms)
		ExecutionOrderSort2 (0ms)
		AwakeInstancesAfterBackupRestoration (27ms)
Refreshing native plugins compatible for Editor in 6.07 ms, found 4 plugins.
Preloading 0 native plugins for Editor in 0.00 ms.
Unloading 17 Unused Serialized files (Serialized files now loaded: 0)
Unloading 8464 unused Assets / (5.2 MB). Loaded Objects now: 9283.
Memory consumption went from 172.7 MB to 167.5 MB.
Total: 49.878800 ms (FindLiveObjects: 3.870700 ms CreateObjectMapping: 4.145400 ms MarkObjects: 25.643300 ms  DeleteObjects: 16.208600 ms)

Unloading 0 Unused Serialized files (Serialized files now loaded: 0)
Unloading 0 unused Assets / (6.8 MB). Loaded Objects now: 9283.
Memory consumption went from 167.5 MB to 160.7 MB.
Total: 48.237500 ms (FindLiveObjects: 2.167700 ms CreateObjectMapping: 3.283200 ms MarkObjects: 36.273300 ms  DeleteObjects: 6.510100 ms)

Prepare: number of updated asset objects reloaded= 0
========================================================================
Received Prepare
Assembly reference Packages/com.unity.entities/Unity.Scenes.Editor/Internals/Properties/Unity.Properties.Internals.asmref has no target assembly definition
Assembly reference Packages/com.unity.entities/Unity.Scenes.Editor/Internals/Properties/Unity.Properties.Internals.asmref has no target assembly definition
Begin MonoManager ReloadAssembly
[Licensing::Client] Successfully resolved entitlement details
- Loaded All Assemblies, in  1.440 seconds
Assembly reference Packages/com.unity.entities/Unity.Scenes.Editor/Internals/Properties/Unity.Properties.Internals.asmref has no target assembly definition
Refreshing native plugins compatible for Editor in 2.21 ms, found 4 plugins.
Native extension for WindowsStandalone target not found
Assembly reference Packages/com.unity.entities/Unity.Scenes.Editor/Internals/Properties/Unity.Properties.Internals.asmref has no target assembly definition
TypeManager.Initialize took: 166ms
[Package Manager] Failed to launch server process. Reason: Unity was launched with the -noUpm command-line argument
[Package Manager] Unable to send message (not connected to server process).
[Package Manager] Cannot connect to Unity Package Manager local server
[MODES] ModeService[none].Initialize
[MODES] ModeService[none].LoadModes
ScheduleIndexationOnStartup MainProcess:False IndexOnStartup:True
Mono: successfully reloaded assembly
- Finished resetting the current domain, in  1.904 seconds
Domain Reload Profiling: 3340ms
	BeginReloadAssembly (406ms)
		ExecutionOrderSort (0ms)
		DisableScriptedObjects (11ms)
		BackupInstance (0ms)
		ReleaseScriptingObjects (0ms)
		CreateAndSetChildDomain (133ms)
	RebuildCommonClasses (65ms)
	RebuildNativeTypeToScriptingClass (22ms)
	initialDomainReloadingComplete (58ms)
	LoadAllAssembliesAndSetupDomain (883ms)
		LoadAssemblies (645ms)
		RebuildTransferFunctionScriptingTraits (0ms)
		AnalyzeDomain (382ms)
			TypeCache.Refresh (12ms)
				TypeCache.ScanAssembly (0ms)
			BuildScriptInfoCaches (347ms)
			ResolveRequiredComponents (15ms)
	FinalizeReload (1905ms)
		ReleaseScriptCaches (0ms)
		RebuildScriptCaches (0ms)
		SetupLoadedEditorAssemblies (1627ms)
			LogAssemblyErrors (0ms)
			InitializePlatformSupportModulesInManaged (3ms)
			SetLoadedEditorAssemblies (6ms)
			BeforeProcessingInitializeOnLoad (253ms)
			ProcessInitializeOnLoadAttributes (945ms)
			ProcessInitializeOnLoadMethodAttributes (408ms)
			AfterProcessingInitializeOnLoad (11ms)
			EditorAssembliesLoaded (1ms)
		ExecutionOrderSort2 (0ms)
		AwakeInstancesAfterBackupRestoration (28ms)
Refreshing native plugins compatible for Editor in 2.31 ms, found 4 plugins.
Preloading 0 native plugins for Editor in 0.00 ms.
Unloading 17 Unused Serialized files (Serialized files now loaded: 0)
Unloading 8464 unused Assets / (5.3 MB). Loaded Objects now: 9283.
Memory consumption went from 172.8 MB to 167.5 MB.
Total: 22.162900 ms (FindLiveObjects: 1.202000 ms CreateObjectMapping: 2.877300 ms MarkObjects: 13.304800 ms  DeleteObjects: 4.777400 ms)

Unloading 0 Unused Serialized files (Serialized files now loaded: 0)
Unloading 0 unused Assets / (6.8 MB). Loaded Objects now: 9283.
Memory consumption went from 167.5 MB to 160.7 MB.
Total: 16.955900 ms (FindLiveObjects: 1.436000 ms CreateObjectMapping: 1.058800 ms MarkObjects: 11.595800 ms  DeleteObjects: 2.862600 ms)

Prepare: number of updated asset objects reloaded= 0
========================================================================
Received Prepare
Refreshing native plugins compatible for Editor in 2.61 ms, found 4 plugins.
Preloading 0 native plugins for Editor in 0.00 ms.
Unloading 17 Unused Serialized files (Serialized files now loaded: 0)
Unloading 8452 unused Assets / (5.5 MB). Loaded Objects now: 9283.
Memory consumption went from 172.9 MB to 167.4 MB.
Total: 22.233200 ms (FindLiveObjects: 1.305100 ms CreateObjectMapping: 2.135400 ms MarkObjects: 12.172100 ms  DeleteObjects: 6.619500 ms)

Prepare: number of updated asset objects reloaded= 0
========================================================================
Received Prepare
Assembly reference Packages/com.unity.entities/Unity.Scenes.Editor/Internals/Properties/Unity.Properties.Internals.asmref has no target assembly definition
Assembly reference Packages/com.unity.entities/Unity.Scenes.Editor/Internals/Properties/Unity.Properties.Internals.asmref has no target assembly definition
Begin MonoManager ReloadAssembly
[Licensing::Client] Successfully resolved entitlement details
- Loaded All Assemblies, in  1.309 seconds
Assembly reference Packages/com.unity.entities/Unity.Scenes.Editor/Internals/Properties/Unity.Properties.Internals.asmref has no target assembly definition
Refreshing native plugins compatible for Editor in 2.88 ms, found 4 plugins.
Native extension for WindowsStandalone target not found
Assembly reference Packages/com.unity.entities/Unity.Scenes.Editor/Internals/Properties/Unity.Properties.Internals.asmref has no target assembly definition
TypeManager.Initialize took: 157ms
[Package Manager] Failed to launch server process. Reason: Unity was launched with the -noUpm command-line argument
[Package Manager] Unable to send message (not connected to server process).
[Package Manager] Cannot connect to Unity Package Manager local server
[MODES] ModeService[none].Initialize
[MODES] ModeService[none].LoadModes
ScheduleIndexationOnStartup MainProcess:False IndexOnStartup:True
Mono: successfully reloaded assembly
- Finished resetting the current domain, in  1.655 seconds
Domain Reload Profiling: 2963ms
	BeginReloadAssembly (340ms)
		ExecutionOrderSort (0ms)
		DisableScriptedObjects (9ms)
		BackupInstance (0ms)
		ReleaseScriptingObjects (0ms)
		CreateAndSetChildDomain (95ms)
	RebuildCommonClasses (60ms)
	RebuildNativeTypeToScriptingClass (19ms)
	initialDomainReloadingComplete (50ms)
	LoadAllAssembliesAndSetupDomain (838ms)
		LoadAssemblies (609ms)
		RebuildTransferFunctionScriptingTraits (0ms)
		AnalyzeDomain (375ms)
			TypeCache.Refresh (16ms)
				TypeCache.ScanAssembly (0ms)
			BuildScriptInfoCaches (336ms)
			ResolveRequiredComponents (15ms)
	FinalizeReload (1656ms)
		ReleaseScriptCaches (0ms)
		RebuildScriptCaches (0ms)
		SetupLoadedEditorAssemblies (1423ms)
			LogAssemblyErrors (0ms)
			InitializePlatformSupportModulesInManaged (2ms)
			SetLoadedEditorAssemblies (5ms)
			BeforeProcessingInitializeOnLoad (297ms)
			ProcessInitializeOnLoadAttributes (816ms)
			ProcessInitializeOnLoadMethodAttributes (294ms)
			AfterProcessingInitializeOnLoad (9ms)
			EditorAssembliesLoaded (1ms)
		ExecutionOrderSort2 (0ms)
		AwakeInstancesAfterBackupRestoration (21ms)
Refreshing native plugins compatible for Editor in 2.06 ms, found 4 plugins.
Preloading 0 native plugins for Editor in 0.00 ms.
Unloading 17 Unused Serialized files (Serialized files now loaded: 0)
Unloading 8464 unused Assets / (6.0 MB). Loaded Objects now: 9283.
Memory consumption went from 172.7 MB to 166.7 MB.
Total: 20.602700 ms (FindLiveObjects: 1.275900 ms CreateObjectMapping: 3.037000 ms MarkObjects: 10.127200 ms  DeleteObjects: 6.160400 ms)

Unloading 0 Unused Serialized files (Serialized files now loaded: 0)
Unloading 0 unused Assets / (6.0 MB). Loaded Objects now: 9283.
Memory consumption went from 166.7 MB to 160.7 MB.
Total: 13.952800 ms (FindLiveObjects: 1.096700 ms CreateObjectMapping: 1.634200 ms MarkObjects: 9.649700 ms  DeleteObjects: 1.570900 ms)

Prepare: number of updated asset objects reloaded= 0
========================================================================
Received Prepare
Assembly reference Packages/com.unity.entities/Unity.Scenes.Editor/Internals/Properties/Unity.Properties.Internals.asmref has no target assembly definition
Assembly reference Packages/com.unity.entities/Unity.Scenes.Editor/Internals/Properties/Unity.Properties.Internals.asmref has no target assembly definition
Begin MonoManager ReloadAssembly
[Licensing::Client] Successfully resolved entitlement details
- Loaded All Assemblies, in  1.230 seconds
Assembly reference Packages/com.unity.entities/Unity.Scenes.Editor/Internals/Properties/Unity.Properties.Internals.asmref has no target assembly definition
Refreshing native plugins compatible for Editor in 2.01 ms, found 4 plugins.
Native extension for WindowsStandalone target not found
Assembly reference Packages/com.unity.entities/Unity.Scenes.Editor/Internals/Properties/Unity.Properties.Internals.asmref has no target assembly definition
TypeManager.Initialize took: 176ms
[Package Manager] Failed to launch server process. Reason: Unity was launched with the -noUpm command-line argument
[Package Manager] Unable to send message (not connected to server process).
[Package Manager] Cannot connect to Unity Package Manager local server
[MODES] ModeService[none].Initialize
[MODES] ModeService[none].LoadModes
ScheduleIndexationOnStartup MainProcess:False IndexOnStartup:True
Mono: successfully reloaded assembly
- Finished resetting the current domain, in  1.970 seconds
Domain Reload Profiling: 3198ms
	BeginReloadAssembly (340ms)
		ExecutionOrderSort (0ms)
		DisableScriptedObjects (8ms)
		BackupInstance (0ms)
		ReleaseScriptingObjects (0ms)
		CreateAndSetChildDomain (105ms)
	RebuildCommonClasses (49ms)
	RebuildNativeTypeToScriptingClass (23ms)
	initialDomainReloadingComplete (49ms)
	LoadAllAssembliesAndSetupDomain (766ms)
		LoadAssemblies (563ms)
		RebuildTransferFunctionScriptingTraits (0ms)
		AnalyzeDomain (343ms)
			TypeCache.Refresh (12ms)
				TypeCache.ScanAssembly (0ms)
			BuildScriptInfoCaches (310ms)
			ResolveRequiredComponents (14ms)
	FinalizeReload (1971ms)
		ReleaseScriptCaches (0ms)
		RebuildScriptCaches (0ms)
		SetupLoadedEditorAssemblies (1705ms)
			LogAssemblyErrors (0ms)
			InitializePlatformSupportModulesInManaged (2ms)
			SetLoadedEditorAssemblies (5ms)
			BeforeProcessingInitializeOnLoad (264ms)
			ProcessInitializeOnLoadAttributes (942ms)
			ProcessInitializeOnLoadMethodAttributes (478ms)
			AfterProcessingInitializeOnLoad (14ms)
			EditorAssembliesLoaded (1ms)
		ExecutionOrderSort2 (0ms)
		AwakeInstancesAfterBackupRestoration (38ms)
Refreshing native plugins compatible for Editor in 2.30 ms, found 4 plugins.
Preloading 0 native plugins for Editor in 0.00 ms.
Unloading 17 Unused Serialized files (Serialized files now loaded: 0)
Unloading 8464 unused Assets / (5.5 MB). Loaded Objects now: 9283.
Memory consumption went from 172.8 MB to 167.4 MB.
Total: 31.361400 ms (FindLiveObjects: 1.655000 ms CreateObjectMapping: 2.381200 ms MarkObjects: 14.205100 ms  DeleteObjects: 13.118200 ms)

Unloading 0 Unused Serialized files (Serialized files now loaded: 0)
Unloading 0 unused Assets / (6.0 MB). Loaded Objects now: 9283.
Memory consumption went from 166.8 MB to 160.8 MB.
Total: 27.486000 ms (FindLiveObjects: 2.244300 ms CreateObjectMapping: 1.812700 ms MarkObjects: 17.243800 ms  DeleteObjects: 6.180900 ms)

Prepare: number of updated asset objects reloaded= 0
========================================================================
Received Prepare
Assembly reference Packages/com.unity.entities/Unity.Scenes.Editor/Internals/Properties/Unity.Properties.Internals.asmref has no target assembly definition
Assembly reference Packages/com.unity.entities/Unity.Scenes.Editor/Internals/Properties/Unity.Properties.Internals.asmref has no target assembly definition
Begin MonoManager ReloadAssembly
[Licensing::Client] Successfully resolved entitlement details
- Loaded All Assemblies, in  1.255 seconds
Assembly reference Packages/com.unity.entities/Unity.Scenes.Editor/Internals/Properties/Unity.Properties.Internals.asmref has no target assembly definition
Refreshing native plugins compatible for Editor in 1.87 ms, found 4 plugins.
Native extension for WindowsStandalone target not found
Assembly reference Packages/com.unity.entities/Unity.Scenes.Editor/Internals/Properties/Unity.Properties.Internals.asmref has no target assembly definition
TypeManager.Initialize took: 179ms
[Package Manager] Failed to launch server process. Reason: Unity was launched with the -noUpm command-line argument
[Package Manager] Unable to send message (not connected to server process).
[Package Manager] Cannot connect to Unity Package Manager local server
[MODES] ModeService[none].Initialize
[MODES] ModeService[none].LoadModes
ScheduleIndexationOnStartup MainProcess:False IndexOnStartup:True
Mono: successfully reloaded assembly
- Finished resetting the current domain, in  1.887 seconds
Domain Reload Profiling: 3143ms
	BeginReloadAssembly (371ms)
		ExecutionOrderSort (0ms)
		DisableScriptedObjects (10ms)
		BackupInstance (0ms)
		ReleaseScriptingObjects (0ms)
		CreateAndSetChildDomain (107ms)
	RebuildCommonClasses (52ms)
	RebuildNativeTypeToScriptingClass (20ms)
	initialDomainReloadingComplete (44ms)
	LoadAllAssembliesAndSetupDomain (768ms)
		LoadAssemblies (590ms)
		RebuildTransferFunctionScriptingTraits (0ms)
		AnalyzeDomain (335ms)
			TypeCache.Refresh (10ms)
				TypeCache.ScanAssembly (0ms)
			BuildScriptInfoCaches (300ms)
			ResolveRequiredComponents (15ms)
	FinalizeReload (1888ms)
		ReleaseScriptCaches (0ms)
		RebuildScriptCaches (0ms)
		SetupLoadedEditorAssemblies (1626ms)
			LogAssemblyErrors (0ms)
			InitializePlatformSupportModulesInManaged (2ms)
			SetLoadedEditorAssemblies (5ms)
			BeforeProcessingInitializeOnLoad (266ms)
			ProcessInitializeOnLoadAttributes (954ms)
			ProcessInitializeOnLoadMethodAttributes (387ms)
			AfterProcessingInitializeOnLoad (12ms)
			EditorAssembliesLoaded (1ms)
		ExecutionOrderSort2 (0ms)
		AwakeInstancesAfterBackupRestoration (34ms)
Refreshing native plugins compatible for Editor in 3.12 ms, found 4 plugins.
Preloading 0 native plugins for Editor in 0.00 ms.
Unloading 17 Unused Serialized files (Serialized files now loaded: 0)
Unloading 8464 unused Assets / (5.4 MB). Loaded Objects now: 9283.
Memory consumption went from 172.9 MB to 167.5 MB.
Total: 22.635800 ms (FindLiveObjects: 1.619500 ms CreateObjectMapping: 2.668100 ms MarkObjects: 12.738200 ms  DeleteObjects: 5.608700 ms)

Unloading 0 Unused Serialized files (Serialized files now loaded: 0)
Unloading 0 unused Assets / (6.0 MB). Loaded Objects now: 9283.
Memory consumption went from 166.8 MB to 160.8 MB.
Total: 13.383900 ms (FindLiveObjects: 0.674800 ms CreateObjectMapping: 0.457900 ms MarkObjects: 9.777300 ms  DeleteObjects: 2.470600 ms)

Prepare: number of updated asset objects reloaded= 0
========================================================================
Received Prepare
Assembly reference Packages/com.unity.entities/Unity.Scenes.Editor/Internals/Properties/Unity.Properties.Internals.asmref has no target assembly definition
Assembly reference Packages/com.unity.entities/Unity.Scenes.Editor/Internals/Properties/Unity.Properties.Internals.asmref has no target assembly definition
Begin MonoManager ReloadAssembly
[Licensing::Client] Successfully resolved entitlement details
- Loaded All Assemblies, in  1.889 seconds
Assembly reference Packages/com.unity.entities/Unity.Scenes.Editor/Internals/Properties/Unity.Properties.Internals.asmref has no target assembly definition
Refreshing native plugins compatible for Editor in 2.23 ms, found 4 plugins.
Native extension for WindowsStandalone target not found
Assembly reference Packages/com.unity.entities/Unity.Scenes.Editor/Internals/Properties/Unity.Properties.Internals.asmref has no target assembly definition
TypeManager.Initialize took: 214ms
[Package Manager] Failed to launch server process. Reason: Unity was launched with the -noUpm command-line argument
[Package Manager] Unable to send message (not connected to server process).
[Package Manager] Cannot connect to Unity Package Manager local server
[MODES] ModeService[none].Initialize
[MODES] ModeService[none].LoadModes
ScheduleIndexationOnStartup MainProcess:False IndexOnStartup:True
Mono: successfully reloaded assembly
- Finished resetting the current domain, in  2.738 seconds
Domain Reload Profiling: 4627ms
	BeginReloadAssembly (515ms)
		ExecutionOrderSort (0ms)
		DisableScriptedObjects (12ms)
		BackupInstance (0ms)
		ReleaseScriptingObjects (0ms)
		CreateAndSetChildDomain (172ms)
	RebuildCommonClasses (64ms)
	RebuildNativeTypeToScriptingClass (27ms)
	initialDomainReloadingComplete (66ms)
	LoadAllAssembliesAndSetupDomain (1215ms)
		LoadAssemblies (919ms)
		RebuildTransferFunctionScriptingTraits (0ms)
		AnalyzeDomain (499ms)
			TypeCache.Refresh (20ms)
				TypeCache.ScanAssembly (0ms)
			BuildScriptInfoCaches (444ms)
			ResolveRequiredComponents (22ms)
	FinalizeReload (2739ms)
		ReleaseScriptCaches (0ms)
		RebuildScriptCaches (0ms)
		SetupLoadedEditorAssemblies (2379ms)
			LogAssemblyErrors (0ms)
			InitializePlatformSupportModulesInManaged (4ms)
			SetLoadedEditorAssemblies (5ms)
			BeforeProcessingInitializeOnLoad (451ms)
			ProcessInitializeOnLoadAttributes (1295ms)
			ProcessInitializeOnLoadMethodAttributes (605ms)
			AfterProcessingInitializeOnLoad (17ms)
			EditorAssembliesLoaded (2ms)
		ExecutionOrderSort2 (0ms)
		AwakeInstancesAfterBackupRestoration (47ms)
Refreshing native plugins compatible for Editor in 2.42 ms, found 4 plugins.
Preloading 0 native plugins for Editor in 0.00 ms.
Unloading 17 Unused Serialized files (Serialized files now loaded: 0)
Unloading 8464 unused Assets / (5.6 MB). Loaded Objects now: 9283.
Memory consumption went from 172.9 MB to 167.4 MB.
Total: 26.054400 ms (FindLiveObjects: 1.639900 ms CreateObjectMapping: 4.514300 ms MarkObjects: 13.635500 ms  DeleteObjects: 6.263400 ms)

Unloading 0 Unused Serialized files (Serialized files now loaded: 0)
Unloading 0 unused Assets / (5.9 MB). Loaded Objects now: 9283.
Memory consumption went from 166.8 MB to 160.9 MB.
Total: 15.225900 ms (FindLiveObjects: 1.068900 ms CreateObjectMapping: 0.541400 ms MarkObjects: 10.937200 ms  DeleteObjects: 2.674600 ms)

Prepare: number of updated asset objects reloaded= 0
========================================================================
Received Prepare
Refreshing native plugins compatible for Editor in 2.30 ms, found 4 plugins.
Preloading 0 native plugins for Editor in 0.00 ms.
Unloading 17 Unused Serialized files (Serialized files now loaded: 0)
Unloading 8452 unused Assets / (5.6 MB). Loaded Objects now: 9283.
Memory consumption went from 173.1 MB to 167.5 MB.
Total: 26.071100 ms (FindLiveObjects: 2.089100 ms CreateObjectMapping: 2.714800 ms MarkObjects: 13.313100 ms  DeleteObjects: 7.951600 ms)

Prepare: number of updated asset objects reloaded= 0
========================================================================
Received Prepare
Assembly reference Packages/com.unity.entities/Unity.Scenes.Editor/Internals/Properties/Unity.Properties.Internals.asmref has no target assembly definition
Assembly reference Packages/com.unity.entities/Unity.Scenes.Editor/Internals/Properties/Unity.Properties.Internals.asmref has no target assembly definition
Begin MonoManager ReloadAssembly
[Licensing::Client] Successfully resolved entitlement details
- Loaded All Assemblies, in  1.303 seconds
Assembly reference Packages/com.unity.entities/Unity.Scenes.Editor/Internals/Properties/Unity.Properties.Internals.asmref has no target assembly definition
Refreshing native plugins compatible for Editor in 2.42 ms, found 4 plugins.
Native extension for WindowsStandalone target not found
Assembly reference Packages/com.unity.entities/Unity.Scenes.Editor/Internals/Properties/Unity.Properties.Internals.asmref has no target assembly definition
TypeManager.Initialize took: 163ms
[Package Manager] Failed to launch server process. Reason: Unity was launched with the -noUpm command-line argument
[Package Manager] Unable to send message (not connected to server process).
[Package Manager] Cannot connect to Unity Package Manager local server
[MODES] ModeService[none].Initialize
[MODES] ModeService[none].LoadModes
ScheduleIndexationOnStartup MainProcess:False IndexOnStartup:True
Mono: successfully reloaded assembly
- Finished resetting the current domain, in  1.798 seconds
Domain Reload Profiling: 3097ms
	BeginReloadAssembly (360ms)
		ExecutionOrderSort (0ms)
		DisableScriptedObjects (11ms)
		BackupInstance (0ms)
		ReleaseScriptingObjects (0ms)
		CreateAndSetChildDomain (112ms)
	RebuildCommonClasses (54ms)
	RebuildNativeTypeToScriptingClass (20ms)
	initialDomainReloadingComplete (52ms)
	LoadAllAssembliesAndSetupDomain (812ms)
		LoadAssemblies (622ms)
		RebuildTransferFunctionScriptingTraits (0ms)
		AnalyzeDomain (335ms)
			TypeCache.Refresh (15ms)
				TypeCache.ScanAssembly (0ms)
			BuildScriptInfoCaches (295ms)
			ResolveRequiredComponents (17ms)
	FinalizeReload (1799ms)
		ReleaseScriptCaches (0ms)
		RebuildScriptCaches (0ms)
		SetupLoadedEditorAssemblies (1512ms)
			LogAssemblyErrors (0ms)
			InitializePlatformSupportModulesInManaged (2ms)
			SetLoadedEditorAssemblies (5ms)
			BeforeProcessingInitializeOnLoad (291ms)
			ProcessInitializeOnLoadAttributes (919ms)
			ProcessInitializeOnLoadMethodAttributes (283ms)
			AfterProcessingInitializeOnLoad (10ms)
			EditorAssembliesLoaded (1ms)
		ExecutionOrderSort2 (0ms)
		AwakeInstancesAfterBackupRestoration (25ms)
Refreshing native plugins compatible for Editor in 1.87 ms, found 4 plugins.
Preloading 0 native plugins for Editor in 0.00 ms.
Unloading 17 Unused Serialized files (Serialized files now loaded: 0)
Unloading 8464 unused Assets / (5.6 MB). Loaded Objects now: 9283.
Memory consumption went from 173.0 MB to 167.4 MB.
Total: 16.339600 ms (FindLiveObjects: 1.041900 ms CreateObjectMapping: 1.579000 ms MarkObjects: 9.138500 ms  DeleteObjects: 4.579200 ms)

Unloading 0 Unused Serialized files (Serialized files now loaded: 0)
Unloading 0 unused Assets / (5.9 MB). Loaded Objects now: 9283.
Memory consumption went from 166.8 MB to 160.9 MB.
Total: 14.481400 ms (FindLiveObjects: 0.734000 ms CreateObjectMapping: 0.480900 ms MarkObjects: 9.934100 ms  DeleteObjects: 3.328800 ms)

Prepare: number of updated asset objects reloaded= 0
========================================================================
Received Prepare
Assembly reference Packages/com.unity.entities/Unity.Scenes.Editor/Internals/Properties/Unity.Properties.Internals.asmref has no target assembly definition
Assembly reference Packages/com.unity.entities/Unity.Scenes.Editor/Internals/Properties/Unity.Properties.Internals.asmref has no target assembly definition
Begin MonoManager ReloadAssembly
- Loaded All Assemblies, in  1.294 seconds
Assembly reference Packages/com.unity.entities/Unity.Scenes.Editor/Internals/Properties/Unity.Properties.Internals.asmref has no target assembly definition
Refreshing native plugins compatible for Editor in 2.20 ms, found 4 plugins.
Native extension for WindowsStandalone target not found
Assembly reference Packages/com.unity.entities/Unity.Scenes.Editor/Internals/Properties/Unity.Properties.Internals.asmref has no target assembly definition
TypeManager.Initialize took: 220ms
[Package Manager] Failed to launch server process. Reason: Unity was launched with the -noUpm command-line argument
[Package Manager] Unable to send message (not connected to server process).
[Package Manager] Cannot connect to Unity Package Manager local server
[MODES] ModeService[none].Initialize
[MODES] ModeService[none].LoadModes
ScheduleIndexationOnStartup MainProcess:False IndexOnStartup:True
Mono: successfully reloaded assembly
- Finished resetting the current domain, in  2.020 seconds
Domain Reload Profiling: 3308ms
	BeginReloadAssembly (366ms)
		ExecutionOrderSort (0ms)
		DisableScriptedObjects (13ms)
		BackupInstance (0ms)
		ReleaseScriptingObjects (0ms)
		CreateAndSetChildDomain (106ms)
	RebuildCommonClasses (51ms)
	RebuildNativeTypeToScriptingClass (19ms)
	initialDomainReloadingComplete (46ms)
	LoadAllAssembliesAndSetupDomain (804ms)
		LoadAssemblies (591ms)
		RebuildTransferFunctionScriptingTraits (0ms)
		AnalyzeDomain (366ms)
			TypeCache.Refresh (13ms)
				TypeCache.ScanAssembly (0ms)
			BuildScriptInfoCaches (329ms)
			ResolveRequiredComponents (16ms)
	FinalizeReload (2021ms)
		ReleaseScriptCaches (0ms)
		RebuildScriptCaches (0ms)
		SetupLoadedEditorAssemblies (1765ms)
			LogAssemblyErrors (0ms)
			InitializePlatformSupportModulesInManaged (2ms)
			SetLoadedEditorAssemblies (5ms)
			BeforeProcessingInitializeOnLoad (275ms)
			ProcessInitializeOnLoadAttributes (1085ms)
			ProcessInitializeOnLoadMethodAttributes (384ms)
			AfterProcessingInitializeOnLoad (13ms)
			EditorAssembliesLoaded (1ms)
		ExecutionOrderSort2 (0ms)
		AwakeInstancesAfterBackupRestoration (32ms)
Refreshing native plugins compatible for Editor in 2.81 ms, found 4 plugins.
Preloading 0 native plugins for Editor in 0.00 ms.
Unloading 17 Unused Serialized files (Serialized files now loaded: 0)
Unloading 8464 unused Assets / (5.7 MB). Loaded Objects now: 9283.
Memory consumption went from 172.9 MB to 167.3 MB.
Total: 23.119400 ms (FindLiveObjects: 1.316400 ms CreateObjectMapping: 3.102900 ms MarkObjects: 13.342800 ms  DeleteObjects: 5.355800 ms)

Unloading 0 Unused Serialized files (Serialized files now loaded: 0)
Unloading 0 unused Assets / (5.8 MB). Loaded Objects now: 9283.
Memory consumption went from 166.7 MB to 160.9 MB.
Total: 14.262100 ms (FindLiveObjects: 0.708700 ms CreateObjectMapping: 0.654500 ms MarkObjects: 11.014800 ms  DeleteObjects: 1.882600 ms)

Prepare: number of updated asset objects reloaded= 0
========================================================================
Received Import Request.
  Time since last request: 2213.378109 seconds.
  path: Assets/Player.cs
  artifactKey: Guid(6d14ac38f916d7e4b8cb445f5d967ab3) Importer(2089858483,b0f066a214c2f5e87bad3c948f4d605d)
Start importing Assets/Player.cs using Guid(6d14ac38f916d7e4b8cb445f5d967ab3) Importer(2089858483,b0f066a214c2f5e87bad3c948f4d605d) (ScriptedImporter) -> (artifact id: '96a16477fb3ed6af83cf482ca7a064f1') in 0.1071919 seconds
Number of updated asset objects reloaded before import = 0Number of asset objects unloaded after import = 0

========================================================================
Received Prepare
Refreshing native plugins compatible for Editor in 3.51 ms, found 4 plugins.
Preloading 0 native plugins for Editor in 0.00 ms.
Unloading 17 Unused Serialized files (Serialized files now loaded: 0)
Unloading 8452 unused Assets / (5.1 MB). Loaded Objects now: 9283.
Memory consumption went from 173.1 MB to 168.0 MB.
Total: 28.818300 ms (FindLiveObjects: 1.969900 ms CreateObjectMapping: 2.445900 ms MarkObjects: 16.582100 ms  DeleteObjects: 7.818500 ms)

Prepare: number of updated asset objects reloaded= 0
========================================================================
Received Prepare
Assembly reference Packages/com.unity.entities/Unity.Scenes.Editor/Internals/Properties/Unity.Properties.Internals.asmref has no target assembly definition
Assembly reference Packages/com.unity.entities/Unity.Scenes.Editor/Internals/Properties/Unity.Properties.Internals.asmref has no target assembly definition
Begin MonoManager ReloadAssembly
[Licensing::Client] Successfully resolved entitlement details
- Loaded All Assemblies, in  1.292 seconds
Assembly reference Packages/com.unity.entities/Unity.Scenes.Editor/Internals/Properties/Unity.Properties.Internals.asmref has no target assembly definition
Refreshing native plugins compatible for Editor in 2.13 ms, found 4 plugins.
Native extension for WindowsStandalone target not found
Assembly reference Packages/com.unity.entities/Unity.Scenes.Editor/Internals/Properties/Unity.Properties.Internals.asmref has no target assembly definition
TypeManager.Initialize took: 147ms
[Package Manager] Failed to launch server process. Reason: Unity was launched with the -noUpm command-line argument
[Package Manager] Unable to send message (not connected to server process).
[Package Manager] Cannot connect to Unity Package Manager local server
[MODES] ModeService[none].Initialize
[MODES] ModeService[none].LoadModes
ScheduleIndexationOnStartup MainProcess:False IndexOnStartup:True
Mono: successfully reloaded assembly
- Finished resetting the current domain, in  1.612 seconds
Domain Reload Profiling: 2900ms
	BeginReloadAssembly (374ms)
		ExecutionOrderSort (0ms)
		DisableScriptedObjects (10ms)
		BackupInstance (0ms)
		ReleaseScriptingObjects (0ms)
		CreateAndSetChildDomain (109ms)
	RebuildCommonClasses (58ms)
	RebuildNativeTypeToScriptingClass (19ms)
	initialDomainReloadingComplete (51ms)
	LoadAllAssembliesAndSetupDomain (785ms)
		LoadAssemblies (601ms)
		RebuildTransferFunctionScriptingTraits (0ms)
		AnalyzeDomain (351ms)
			TypeCache.Refresh (17ms)
				TypeCache.ScanAssembly (0ms)
			BuildScriptInfoCaches (314ms)
			ResolveRequiredComponents (14ms)
	FinalizeReload (1612ms)
		ReleaseScriptCaches (0ms)
		RebuildScriptCaches (0ms)
		SetupLoadedEditorAssemblies (1357ms)
			LogAssemblyErrors (0ms)
			InitializePlatformSupportModulesInManaged (3ms)
			SetLoadedEditorAssemblies (5ms)
			BeforeProcessingInitializeOnLoad (280ms)
			ProcessInitializeOnLoadAttributes (798ms)
			ProcessInitializeOnLoadMethodAttributes (262ms)
			AfterProcessingInitializeOnLoad (9ms)
			EditorAssembliesLoaded (0ms)
		ExecutionOrderSort2 (0ms)
		AwakeInstancesAfterBackupRestoration (19ms)
Refreshing native plugins compatible for Editor in 1.91 ms, found 4 plugins.
Preloading 0 native plugins for Editor in 0.00 ms.
Unloading 17 Unused Serialized files (Serialized files now loaded: 0)
Unloading 8464 unused Assets / (5.2 MB). Loaded Objects now: 9283.
Memory consumption went from 173.6 MB to 168.4 MB.
Total: 16.022500 ms (FindLiveObjects: 1.234500 ms CreateObjectMapping: 1.866000 ms MarkObjects: 8.666300 ms  DeleteObjects: 4.254700 ms)

Unloading 0 Unused Serialized files (Serialized files now loaded: 0)
Unloading 0 unused Assets / (6.8 MB). Loaded Objects now: 9283.
Memory consumption went from 168.3 MB to 161.5 MB.
Total: 10.219200 ms (FindLiveObjects: 0.586500 ms CreateObjectMapping: 0.456700 ms MarkObjects: 7.378800 ms  DeleteObjects: 1.795900 ms)

Prepare: number of updated asset objects reloaded= 0
========================================================================
Received Prepare
Assembly reference Packages/com.unity.entities/Unity.Scenes.Editor/Internals/Properties/Unity.Properties.Internals.asmref has no target assembly definition
Assembly reference Packages/com.unity.entities/Unity.Scenes.Editor/Internals/Properties/Unity.Properties.Internals.asmref has no target assembly definition
Begin MonoManager ReloadAssembly
- Loaded All Assemblies, in  1.193 seconds
Assembly reference Packages/com.unity.entities/Unity.Scenes.Editor/Internals/Properties/Unity.Properties.Internals.asmref has no target assembly definition
Refreshing native plugins compatible for Editor in 2.29 ms, found 4 plugins.
Native extension for WindowsStandalone target not found
Assembly reference Packages/com.unity.entities/Unity.Scenes.Editor/Internals/Properties/Unity.Properties.Internals.asmref has no target assembly definition
TypeManager.Initialize took: 166ms
[Package Manager] Failed to launch server process. Reason: Unity was launched with the -noUpm command-line argument
[Package Manager] Unable to send message (not connected to server process).
[Package Manager] Cannot connect to Unity Package Manager local server
[MODES] ModeService[none].Initialize
[MODES] ModeService[none].LoadModes
ScheduleIndexationOnStartup MainProcess:False IndexOnStartup:True
Mono: successfully reloaded assembly
- Finished resetting the current domain, in  1.963 seconds
Domain Reload Profiling: 3155ms
	BeginReloadAssembly (326ms)
		ExecutionOrderSort (0ms)
		DisableScriptedObjects (8ms)
		BackupInstance (0ms)
		ReleaseScriptingObjects (0ms)
		CreateAndSetChildDomain (91ms)
	RebuildCommonClasses (49ms)
	RebuildNativeTypeToScriptingClass (21ms)
	initialDomainReloadingComplete (45ms)
	LoadAllAssembliesAndSetupDomain (750ms)
		LoadAssemblies (554ms)
		RebuildTransferFunctionScriptingTraits (0ms)
		AnalyzeDomain (333ms)
			TypeCache.Refresh (15ms)
				TypeCache.ScanAssembly (0ms)
			BuildScriptInfoCaches (298ms)
			ResolveRequiredComponents (13ms)
	FinalizeReload (1964ms)
		ReleaseScriptCaches (0ms)
		RebuildScriptCaches (0ms)
		SetupLoadedEditorAssemblies (1710ms)
			LogAssemblyErrors (0ms)
			InitializePlatformSupportModulesInManaged (2ms)
			SetLoadedEditorAssemblies (5ms)
			BeforeProcessingInitializeOnLoad (277ms)
			ProcessInitializeOnLoadAttributes (950ms)
			ProcessInitializeOnLoadMethodAttributes (462ms)
			AfterProcessingInitializeOnLoad (13ms)
			EditorAssembliesLoaded (1ms)
		ExecutionOrderSort2 (0ms)
		AwakeInstancesAfterBackupRestoration (30ms)
Refreshing native plugins compatible for Editor in 3.16 ms, found 4 plugins.
Preloading 0 native plugins for Editor in 0.00 ms.
Unloading 17 Unused Serialized files (Serialized files now loaded: 0)
Unloading 8464 unused Assets / (5.8 MB). Loaded Objects now: 9283.
Memory consumption went from 173.6 MB to 167.9 MB.
Total: 26.853100 ms (FindLiveObjects: 2.152400 ms CreateObjectMapping: 2.927300 ms MarkObjects: 14.733300 ms  DeleteObjects: 7.038600 ms)

Unloading 0 Unused Serialized files (Serialized files now loaded: 0)
Unloading 0 unused Assets / (6.3 MB). Loaded Objects now: 9283.
Memory consumption went from 167.8 MB to 161.6 MB.
Total: 23.819800 ms (FindLiveObjects: 1.323300 ms CreateObjectMapping: 1.439000 ms MarkObjects: 17.803600 ms  DeleteObjects: 3.251900 ms)

Prepare: number of updated asset objects reloaded= 0
========================================================================
Received Prepare
Assembly reference Packages/com.unity.entities/Unity.Scenes.Editor/Internals/Properties/Unity.Properties.Internals.asmref has no target assembly definition
Assembly reference Packages/com.unity.entities/Unity.Scenes.Editor/Internals/Properties/Unity.Properties.Internals.asmref has no target assembly definition
Begin MonoManager ReloadAssembly
[Licensing::Client] Successfully resolved entitlement details
- Loaded All Assemblies, in  1.349 seconds
Assembly reference Packages/com.unity.entities/Unity.Scenes.Editor/Internals/Properties/Unity.Properties.Internals.asmref has no target assembly definition
Refreshing native plugins compatible for Editor in 2.30 ms, found 4 plugins.
Native extension for WindowsStandalone target not found
Assembly reference Packages/com.unity.entities/Unity.Scenes.Editor/Internals/Properties/Unity.Properties.Internals.asmref has no target assembly definition
TypeManager.Initialize took: 175ms
[Package Manager] Failed to launch server process. Reason: Unity was launched with the -noUpm command-line argument
[Package Manager] Unable to send message (not connected to server process).
[Package Manager] Cannot connect to Unity Package Manager local server
[MODES] ModeService[none].Initialize
[MODES] ModeService[none].LoadModes
ScheduleIndexationOnStartup MainProcess:False IndexOnStartup:True
Mono: successfully reloaded assembly
- Finished resetting the current domain, in  2.163 seconds
Domain Reload Profiling: 3508ms
	BeginReloadAssembly (376ms)
		ExecutionOrderSort (0ms)
		DisableScriptedObjects (11ms)
		BackupInstance (0ms)
		ReleaseScriptingObjects (0ms)
		CreateAndSetChildDomain (113ms)
	RebuildCommonClasses (58ms)
	RebuildNativeTypeToScriptingClass (25ms)
	initialDomainReloadingComplete (48ms)
	LoadAllAssembliesAndSetupDomain (838ms)
		LoadAssemblies (630ms)
		RebuildTransferFunctionScriptingTraits (0ms)
		AnalyzeDomain (361ms)
			TypeCache.Refresh (11ms)
				TypeCache.ScanAssembly (0ms)
			BuildScriptInfoCaches (324ms)
			ResolveRequiredComponents (17ms)
	FinalizeReload (2163ms)
		ReleaseScriptCaches (0ms)
		RebuildScriptCaches (0ms)
		SetupLoadedEditorAssemblies (1900ms)
			LogAssemblyErrors (0ms)
			InitializePlatformSupportModulesInManaged (2ms)
			SetLoadedEditorAssemblies (6ms)
			BeforeProcessingInitializeOnLoad (280ms)
			ProcessInitializeOnLoadAttributes (1022ms)
			ProcessInitializeOnLoadMethodAttributes (573ms)
			AfterProcessingInitializeOnLoad (15ms)
			EditorAssembliesLoaded (1ms)
		ExecutionOrderSort2 (0ms)
		AwakeInstancesAfterBackupRestoration (28ms)
Refreshing native plugins compatible for Editor in 2.87 ms, found 4 plugins.
Preloading 0 native plugins for Editor in 0.00 ms.
Unloading 17 Unused Serialized files (Serialized files now loaded: 0)
Unloading 8464 unused Assets / (6.0 MB). Loaded Objects now: 9283.
Memory consumption went from 173.7 MB to 167.6 MB.
Total: 29.227700 ms (FindLiveObjects: 1.579000 ms CreateObjectMapping: 2.797600 ms MarkObjects: 18.266300 ms  DeleteObjects: 6.583200 ms)

Unloading 0 Unused Serialized files (Serialized files now loaded: 0)
Unloading 0 unused Assets / (5.5 MB). Loaded Objects now: 9283.
Memory consumption went from 167.1 MB to 161.6 MB.
Total: 15.798700 ms (FindLiveObjects: 0.878000 ms CreateObjectMapping: 0.717900 ms MarkObjects: 12.185900 ms  DeleteObjects: 2.015100 ms)

Prepare: number of updated asset objects reloaded= 0
========================================================================
Received Prepare
Assembly reference Packages/com.unity.entities/Unity.Scenes.Editor/Internals/Properties/Unity.Properties.Internals.asmref has no target assembly definition
Assembly reference Packages/com.unity.entities/Unity.Scenes.Editor/Internals/Properties/Unity.Properties.Internals.asmref has no target assembly definition
Begin MonoManager ReloadAssembly
[Licensing::Client] Successfully resolved entitlement details
- Loaded All Assemblies, in  1.703 seconds
Assembly reference Packages/com.unity.entities/Unity.Scenes.Editor/Internals/Properties/Unity.Properties.Internals.asmref has no target assembly definition
Refreshing native plugins compatible for Editor in 3.21 ms, found 4 plugins.
Native extension for WindowsStandalone target not found
Assembly reference Packages/com.unity.entities/Unity.Scenes.Editor/Internals/Properties/Unity.Properties.Internals.asmref has no target assembly definition
TypeManager.Initialize took: 247ms
[Package Manager] Failed to launch server process. Reason: Unity was launched with the -noUpm command-line argument
[Package Manager] Unable to send message (not connected to server process).
[Package Manager] Cannot connect to Unity Package Manager local server
[MODES] ModeService[none].Initialize
[MODES] ModeService[none].LoadModes
ScheduleIndexationOnStartup MainProcess:False IndexOnStartup:True
Mono: successfully reloaded assembly
- Finished resetting the current domain, in  2.395 seconds
Domain Reload Profiling: 4096ms
	BeginReloadAssembly (379ms)
		ExecutionOrderSort (0ms)
		DisableScriptedObjects (10ms)
		BackupInstance (0ms)
		ReleaseScriptingObjects (0ms)
		CreateAndSetChildDomain (101ms)
	RebuildCommonClasses (54ms)
	RebuildNativeTypeToScriptingClass (23ms)
	initialDomainReloadingComplete (53ms)
	LoadAllAssembliesAndSetupDomain (1191ms)
		LoadAssemblies (969ms)
		RebuildTransferFunctionScriptingTraits (0ms)
		AnalyzeDomain (382ms)
			TypeCache.Refresh (14ms)
				TypeCache.ScanAssembly (0ms)
			BuildScriptInfoCaches (342ms)
			ResolveRequiredComponents (16ms)
	FinalizeReload (2396ms)
		ReleaseScriptCaches (0ms)
		RebuildScriptCaches (0ms)
		SetupLoadedEditorAssemblies (2052ms)
			LogAssemblyErrors (0ms)
			InitializePlatformSupportModulesInManaged (2ms)
			SetLoadedEditorAssemblies (5ms)
			BeforeProcessingInitializeOnLoad (281ms)
			ProcessInitializeOnLoadAttributes (1331ms)
			ProcessInitializeOnLoadMethodAttributes (419ms)
			AfterProcessingInitializeOnLoad (12ms)
			EditorAssembliesLoaded (1ms)
		ExecutionOrderSort2 (0ms)
		AwakeInstancesAfterBackupRestoration (32ms)
Refreshing native plugins compatible for Editor in 3.50 ms, found 4 plugins.
Preloading 0 native plugins for Editor in 0.00 ms.
Unloading 17 Unused Serialized files (Serialized files now loaded: 0)
Unloading 8464 unused Assets / (5.4 MB). Loaded Objects now: 9283.
Memory consumption went from 173.7 MB to 168.3 MB.
Total: 28.112100 ms (FindLiveObjects: 2.173200 ms CreateObjectMapping: 3.385500 ms MarkObjects: 15.357400 ms  DeleteObjects: 7.194800 ms)

Unloading 0 Unused Serialized files (Serialized files now loaded: 0)
Unloading 0 unused Assets / (6.6 MB). Loaded Objects now: 9283.
Memory consumption went from 168.3 MB to 161.7 MB.
Total: 20.753600 ms (FindLiveObjects: 1.342700 ms CreateObjectMapping: 1.196400 ms MarkObjects: 14.957100 ms  DeleteObjects: 3.254800 ms)

Prepare: number of updated asset objects reloaded= 0
========================================================================
Received Prepare
Assembly reference Packages/com.unity.entities/Unity.Scenes.Editor/Internals/Properties/Unity.Properties.Internals.asmref has no target assembly definition
Assembly reference Packages/com.unity.entities/Unity.Scenes.Editor/Internals/Properties/Unity.Properties.Internals.asmref has no target assembly definition
Begin MonoManager ReloadAssembly
[Licensing::Client] Successfully resolved entitlement details
- Loaded All Assemblies, in  1.385 seconds
Assembly reference Packages/com.unity.entities/Unity.Scenes.Editor/Internals/Properties/Unity.Properties.Internals.asmref has no target assembly definition
Refreshing native plugins compatible for Editor in 2.31 ms, found 4 plugins.
Native extension for WindowsStandalone target not found
Assembly reference Packages/com.unity.entities/Unity.Scenes.Editor/Internals/Properties/Unity.Properties.Internals.asmref has no target assembly definition
TypeManager.Initialize took: 196ms
[Package Manager] Failed to launch server process. Reason: Unity was launched with the -noUpm command-line argument
[Package Manager] Unable to send message (not connected to server process).
[Package Manager] Cannot connect to Unity Package Manager local server
[MODES] ModeService[none].Initialize
[MODES] ModeService[none].LoadModes
ScheduleIndexationOnStartup MainProcess:False IndexOnStartup:True
Mono: successfully reloaded assembly
- Finished resetting the current domain, in  2.035 seconds
Domain Reload Profiling: 3416ms
	BeginReloadAssembly (398ms)
		ExecutionOrderSort (0ms)
		DisableScriptedObjects (10ms)
		BackupInstance (0ms)
		ReleaseScriptingObjects (0ms)
		CreateAndSetChildDomain (113ms)
	RebuildCommonClasses (62ms)
	RebuildNativeTypeToScriptingClass (31ms)
	initialDomainReloadingComplete (53ms)
	LoadAllAssembliesAndSetupDomain (838ms)
		LoadAssemblies (634ms)
		RebuildTransferFunctionScriptingTraits (0ms)
		AnalyzeDomain (380ms)
			TypeCache.Refresh (12ms)
				TypeCache.ScanAssembly (0ms)
			BuildScriptInfoCaches (344ms)
			ResolveRequiredComponents (16ms)
	FinalizeReload (2036ms)
		ReleaseScriptCaches (0ms)
		RebuildScriptCaches (0ms)
		SetupLoadedEditorAssemblies (1775ms)
			LogAssemblyErrors (0ms)
			InitializePlatformSupportModulesInManaged (2ms)
			SetLoadedEditorAssemblies (5ms)
			BeforeProcessingInitializeOnLoad (294ms)
			ProcessInitializeOnLoadAttributes (1047ms)
			ProcessInitializeOnLoadMethodAttributes (411ms)
			AfterProcessingInitializeOnLoad (14ms)
			EditorAssembliesLoaded (1ms)
		ExecutionOrderSort2 (0ms)
		AwakeInstancesAfterBackupRestoration (37ms)
Refreshing native plugins compatible for Editor in 2.71 ms, found 4 plugins.
Preloading 0 native plugins for Editor in 0.00 ms.
Unloading 17 Unused Serialized files (Serialized files now loaded: 0)
Unloading 8464 unused Assets / (5.5 MB). Loaded Objects now: 9283.
Memory consumption went from 173.7 MB to 168.2 MB.
Total: 25.821800 ms (FindLiveObjects: 1.337600 ms CreateObjectMapping: 2.057700 ms MarkObjects: 16.412500 ms  DeleteObjects: 6.012700 ms)

Unloading 0 Unused Serialized files (Serialized files now loaded: 0)
Unloading 0 unused Assets / (6.6 MB). Loaded Objects now: 9283.
Memory consumption went from 168.2 MB to 161.6 MB.
Total: 17.822700 ms (FindLiveObjects: 1.146800 ms CreateObjectMapping: 1.313900 ms MarkObjects: 12.955300 ms  DeleteObjects: 2.405100 ms)

Prepare: number of updated asset objects reloaded= 0
========================================================================
Received Prepare
Assembly reference Packages/com.unity.entities/Unity.Scenes.Editor/Internals/Properties/Unity.Properties.Internals.asmref has no target assembly definition
Assembly reference Packages/com.unity.entities/Unity.Scenes.Editor/Internals/Properties/Unity.Properties.Internals.asmref has no target assembly definition
Begin MonoManager ReloadAssembly
[Licensing::Client] Successfully resolved entitlement details
- Loaded All Assemblies, in  1.389 seconds
Assembly reference Packages/com.unity.entities/Unity.Scenes.Editor/Internals/Properties/Unity.Properties.Internals.asmref has no target assembly definition
Refreshing native plugins compatible for Editor in 2.39 ms, found 4 plugins.
Native extension for WindowsStandalone target not found
Assembly reference Packages/com.unity.entities/Unity.Scenes.Editor/Internals/Properties/Unity.Properties.Internals.asmref has no target assembly definition
TypeManager.Initialize took: 176ms
[Package Manager] Failed to launch server process. Reason: Unity was launched with the -noUpm command-line argument
[Package Manager] Unable to send message (not connected to server process).
[Package Manager] Cannot connect to Unity Package Manager local server
[MODES] ModeService[none].Initialize
[MODES] ModeService[none].LoadModes
ScheduleIndexationOnStartup MainProcess:False IndexOnStartup:True
Mono: successfully reloaded assembly
- Finished resetting the current domain, in  2.011 seconds
Domain Reload Profiling: 3400ms
	BeginReloadAssembly (392ms)
		ExecutionOrderSort (0ms)
		DisableScriptedObjects (11ms)
		BackupInstance (0ms)
		ReleaseScriptingObjects (0ms)
		CreateAndSetChildDomain (99ms)
	RebuildCommonClasses (53ms)
	RebuildNativeTypeToScriptingClass (21ms)
	initialDomainReloadingComplete (52ms)
	LoadAllAssembliesAndSetupDomain (869ms)
		LoadAssemblies (660ms)
		RebuildTransferFunctionScriptingTraits (0ms)
		AnalyzeDomain (394ms)
			TypeCache.Refresh (15ms)
				TypeCache.ScanAssembly (0ms)
			BuildScriptInfoCaches (349ms)
			ResolveRequiredComponents (20ms)
	FinalizeReload (2012ms)
		ReleaseScriptCaches (0ms)
		RebuildScriptCaches (0ms)
		SetupLoadedEditorAssemblies (1729ms)
			LogAssemblyErrors (0ms)
			InitializePlatformSupportModulesInManaged (2ms)
			SetLoadedEditorAssemblies (7ms)
			BeforeProcessingInitializeOnLoad (298ms)
			ProcessInitializeOnLoadAttributes (1007ms)
			ProcessInitializeOnLoadMethodAttributes (401ms)
			AfterProcessingInitializeOnLoad (13ms)
			EditorAssembliesLoaded (1ms)
		ExecutionOrderSort2 (0ms)
		AwakeInstancesAfterBackupRestoration (31ms)
Refreshing native plugins compatible for Editor in 3.54 ms, found 4 plugins.
Preloading 0 native plugins for Editor in 0.00 ms.
Unloading 17 Unused Serialized files (Serialized files now loaded: 0)
Unloading 8464 unused Assets / (5.7 MB). Loaded Objects now: 9283.
Memory consumption went from 173.8 MB to 168.1 MB.
Total: 31.682700 ms (FindLiveObjects: 1.261600 ms CreateObjectMapping: 3.194100 ms MarkObjects: 18.841900 ms  DeleteObjects: 8.383200 ms)

Unloading 0 Unused Serialized files (Serialized files now loaded: 0)
Unloading 0 unused Assets / (6.3 MB). Loaded Objects now: 9283.
Memory consumption went from 168.1 MB to 161.7 MB.
Total: 18.836900 ms (FindLiveObjects: 1.246400 ms CreateObjectMapping: 1.439400 ms MarkObjects: 13.533200 ms  DeleteObjects: 2.616100 ms)

Prepare: number of updated asset objects reloaded= 0
========================================================================
Received Import Request.
  Time since last request: 700.656744 seconds.
  path: Assets/Scenes/SampleScene.unity
  artifactKey: Guid(99c9720ab356a0642a771bea13969a05) Importer(2089858483,b0f066a214c2f5e87bad3c948f4d605d)
Start importing Assets/Scenes/SampleScene.unity using Guid(99c9720ab356a0642a771bea13969a05) Importer(2089858483,b0f066a214c2f5e87bad3c948f4d605d) (ScriptedImporter) -> (artifact id: 'f0e2ddd69f6ef024987e19194840a721') in 0.1093113 seconds
Number of updated asset objects reloaded before import = 0Number of asset objects unloaded after import = 1

========================================================================
Received Import Request.
  Time since last request: 0.000020 seconds.
  path: Assets/Animation/P3-UD.anim
  artifactKey: Guid(e7a603afa0dcdcc4c9f773c2f4a9fc6f) Importer(2089858483,b0f066a214c2f5e87bad3c948f4d605d)
Start importing Assets/Animation/P3-UD.anim using Guid(e7a603afa0dcdcc4c9f773c2f4a9fc6f) Importer(2089858483,b0f066a214c2f5e87bad3c948f4d605d) (ScriptedImporter) -> (artifact id: 'b5e9a4f830b2b96ae7e62e07f550b052') in 0.0576111 seconds
Number of updated asset objects reloaded before import = 0Number of asset objects unloaded after import = 1

========================================================================
Received Prepare
Assembly reference Packages/com.unity.entities/Unity.Scenes.Editor/Internals/Properties/Unity.Properties.Internals.asmref has no target assembly definition
Assembly reference Packages/com.unity.entities/Unity.Scenes.Editor/Internals/Properties/Unity.Properties.Internals.asmref has no target assembly definition
Begin MonoManager ReloadAssembly
[Licensing::Client] Successfully resolved entitlement details
- Loaded All Assemblies, in  1.338 seconds
Assembly reference Packages/com.unity.entities/Unity.Scenes.Editor/Internals/Properties/Unity.Properties.Internals.asmref has no target assembly definition
Refreshing native plugins compatible for Editor in 2.04 ms, found 4 plugins.
Native extension for WindowsStandalone target not found
Assembly reference Packages/com.unity.entities/Unity.Scenes.Editor/Internals/Properties/Unity.Properties.Internals.asmref has no target assembly definition
TypeManager.Initialize took: 182ms
[Package Manager] Failed to launch server process. Reason: Unity was launched with the -noUpm command-line argument
[Package Manager] Unable to send message (not connected to server process).
[Package Manager] Cannot connect to Unity Package Manager local server
[MODES] ModeService[none].Initialize
[MODES] ModeService[none].LoadModes
ScheduleIndexationOnStartup MainProcess:False IndexOnStartup:True
Mono: successfully reloaded assembly
- Finished resetting the current domain, in  2.110 seconds
Domain Reload Profiling: 3444ms
	BeginReloadAssembly (394ms)
		ExecutionOrderSort (0ms)
		DisableScriptedObjects (9ms)
		BackupInstance (0ms)
		ReleaseScriptingObjects (0ms)
		CreateAndSetChildDomain (139ms)
	RebuildCommonClasses (54ms)
	RebuildNativeTypeToScriptingClass (22ms)
	initialDomainReloadingComplete (50ms)
	LoadAllAssembliesAndSetupDomain (812ms)
		LoadAssemblies (617ms)
		RebuildTransferFunctionScriptingTraits (0ms)
		AnalyzeDomain (350ms)
			TypeCache.Refresh (12ms)
				TypeCache.ScanAssembly (0ms)
			BuildScriptInfoCaches (313ms)
			ResolveRequiredComponents (17ms)
	FinalizeReload (2111ms)
		ReleaseScriptCaches (0ms)
		RebuildScriptCaches (0ms)
		SetupLoadedEditorAssemblies (1763ms)
			LogAssemblyErrors (0ms)
			InitializePlatformSupportModulesInManaged (2ms)
			SetLoadedEditorAssemblies (5ms)
			BeforeProcessingInitializeOnLoad (293ms)
			ProcessInitializeOnLoadAttributes (968ms)
			ProcessInitializeOnLoadMethodAttributes (473ms)
			AfterProcessingInitializeOnLoad (19ms)
			EditorAssembliesLoaded (3ms)
		ExecutionOrderSort2 (0ms)
		AwakeInstancesAfterBackupRestoration (64ms)
Refreshing native plugins compatible for Editor in 4.55 ms, found 4 plugins.
Preloading 0 native plugins for Editor in 0.00 ms.
Unloading 17 Unused Serialized files (Serialized files now loaded: 0)
Unloading 8464 unused Assets / (5.3 MB). Loaded Objects now: 9283.
Memory consumption went from 173.8 MB to 168.6 MB.
Total: 45.131100 ms (FindLiveObjects: 3.827300 ms CreateObjectMapping: 7.272500 ms MarkObjects: 25.456800 ms  DeleteObjects: 8.571200 ms)

Unloading 0 Unused Serialized files (Serialized files now loaded: 0)
Unloading 0 unused Assets / (6.8 MB). Loaded Objects now: 9283.
Memory consumption went from 168.5 MB to 161.8 MB.
Total: 32.304500 ms (FindLiveObjects: 2.126000 ms CreateObjectMapping: 2.671400 ms MarkObjects: 22.064300 ms  DeleteObjects: 5.439600 ms)

Prepare: number of updated asset objects reloaded= 0
========================================================================
Received Prepare
Assembly reference Packages/com.unity.entities/Unity.Scenes.Editor/Internals/Properties/Unity.Properties.Internals.asmref has no target assembly definition
Assembly reference Packages/com.unity.entities/Unity.Scenes.Editor/Internals/Properties/Unity.Properties.Internals.asmref has no target assembly definition
Begin MonoManager ReloadAssembly
[Licensing::Client] Successfully resolved entitlement details
- Loaded All Assemblies, in  1.363 seconds
Assembly reference Packages/com.unity.entities/Unity.Scenes.Editor/Internals/Properties/Unity.Properties.Internals.asmref has no target assembly definition
Refreshing native plugins compatible for Editor in 2.47 ms, found 4 plugins.
Native extension for WindowsStandalone target not found
Assembly reference Packages/com.unity.entities/Unity.Scenes.Editor/Internals/Properties/Unity.Properties.Internals.asmref has no target assembly definition
TypeManager.Initialize took: 186ms
[Package Manager] Failed to launch server process. Reason: Unity was launched with the -noUpm command-line argument
[Package Manager] Unable to send message (not connected to server process).
[Package Manager] Cannot connect to Unity Package Manager local server
[MODES] ModeService[none].Initialize
[MODES] ModeService[none].LoadModes
ScheduleIndexationOnStartup MainProcess:False IndexOnStartup:True
Mono: successfully reloaded assembly
- Finished resetting the current domain, in  1.920 seconds
Domain Reload Profiling: 3280ms
	BeginReloadAssembly (373ms)
		ExecutionOrderSort (0ms)
		DisableScriptedObjects (11ms)
		BackupInstance (0ms)
		ReleaseScriptingObjects (0ms)
		CreateAndSetChildDomain (114ms)
	RebuildCommonClasses (55ms)
	RebuildNativeTypeToScriptingClass (23ms)
	initialDomainReloadingComplete (48ms)
	LoadAllAssembliesAndSetupDomain (859ms)
		LoadAssemblies (624ms)
		RebuildTransferFunctionScriptingTraits (0ms)
		AnalyzeDomain (382ms)
			TypeCache.Refresh (11ms)
				TypeCache.ScanAssembly (0ms)
			BuildScriptInfoCaches (347ms)
			ResolveRequiredComponents (16ms)
	FinalizeReload (1921ms)
		ReleaseScriptCaches (0ms)
		RebuildScriptCaches (0ms)
		SetupLoadedEditorAssemblies (1642ms)
			LogAssemblyErrors (0ms)
			InitializePlatformSupportModulesInManaged (3ms)
			SetLoadedEditorAssemblies (8ms)
			BeforeProcessingInitializeOnLoad (306ms)
			ProcessInitializeOnLoadAttributes (1026ms)
			ProcessInitializeOnLoadMethodAttributes (286ms)
			AfterProcessingInitializeOnLoad (11ms)
			EditorAssembliesLoaded (1ms)
		ExecutionOrderSort2 (0ms)
		AwakeInstancesAfterBackupRestoration (23ms)
Refreshing native plugins compatible for Editor in 2.32 ms, found 4 plugins.
Preloading 0 native plugins for Editor in 0.00 ms.
Unloading 17 Unused Serialized files (Serialized files now loaded: 0)
Unloading 8464 unused Assets / (5.1 MB). Loaded Objects now: 9283.
Memory consumption went from 173.9 MB to 168.7 MB.
Total: 18.523800 ms (FindLiveObjects: 1.633200 ms CreateObjectMapping: 2.409200 ms MarkObjects: 10.563100 ms  DeleteObjects: 3.916600 ms)

Unloading 0 Unused Serialized files (Serialized files now loaded: 0)
Unloading 0 unused Assets / (6.9 MB). Loaded Objects now: 9283.
Memory consumption went from 168.7 MB to 161.8 MB.
Total: 12.764700 ms (FindLiveObjects: 1.180700 ms CreateObjectMapping: 0.765800 ms MarkObjects: 9.038000 ms  DeleteObjects: 1.779000 ms)

Prepare: number of updated asset objects reloaded= 0
========================================================================
Received Prepare
Assembly reference Packages/com.unity.entities/Unity.Scenes.Editor/Internals/Properties/Unity.Properties.Internals.asmref has no target assembly definition
Assembly reference Packages/com.unity.entities/Unity.Scenes.Editor/Internals/Properties/Unity.Properties.Internals.asmref has no target assembly definition
Begin MonoManager ReloadAssembly
[Licensing::Client] Successfully resolved entitlement details
- Loaded All Assemblies, in  1.283 seconds
Assembly reference Packages/com.unity.entities/Unity.Scenes.Editor/Internals/Properties/Unity.Properties.Internals.asmref has no target assembly definition
Refreshing native plugins compatible for Editor in 2.32 ms, found 4 plugins.
Native extension for WindowsStandalone target not found
Assembly reference Packages/com.unity.entities/Unity.Scenes.Editor/Internals/Properties/Unity.Properties.Internals.asmref has no target assembly definition
TypeManager.Initialize took: 196ms
[Package Manager] Failed to launch server process. Reason: Unity was launched with the -noUpm command-line argument
[Package Manager] Unable to send message (not connected to server process).
[Package Manager] Cannot connect to Unity Package Manager local server
[MODES] ModeService[none].Initialize
[MODES] ModeService[none].LoadModes
ScheduleIndexationOnStartup MainProcess:False IndexOnStartup:True
Mono: successfully reloaded assembly
- Finished resetting the current domain, in  2.220 seconds
Domain Reload Profiling: 3502ms
	BeginReloadAssembly (353ms)
		ExecutionOrderSort (0ms)
		DisableScriptedObjects (13ms)
		BackupInstance (0ms)
		ReleaseScriptingObjects (0ms)
		CreateAndSetChildDomain (99ms)
	RebuildCommonClasses (49ms)
	RebuildNativeTypeToScriptingClass (20ms)
	initialDomainReloadingComplete (52ms)
	LoadAllAssembliesAndSetupDomain (807ms)
		LoadAssemblies (607ms)
		RebuildTransferFunctionScriptingTraits (0ms)
		AnalyzeDomain (340ms)
			TypeCache.Refresh (12ms)
				TypeCache.ScanAssembly (0ms)
			BuildScriptInfoCaches (304ms)
			ResolveRequiredComponents (14ms)
	FinalizeReload (2221ms)
		ReleaseScriptCaches (0ms)
		RebuildScriptCaches (0ms)
		SetupLoadedEditorAssemblies (1971ms)
			LogAssemblyErrors (0ms)
			InitializePlatformSupportModulesInManaged (2ms)
			SetLoadedEditorAssemblies (5ms)
			BeforeProcessingInitializeOnLoad (300ms)
			ProcessInitializeOnLoadAttributes (1080ms)
			ProcessInitializeOnLoadMethodAttributes (566ms)
			AfterProcessingInitializeOnLoad (17ms)
			EditorAssembliesLoaded (1ms)
		ExecutionOrderSort2 (0ms)
		AwakeInstancesAfterBackupRestoration (34ms)
Refreshing native plugins compatible for Editor in 3.45 ms, found 4 plugins.
Preloading 0 native plugins for Editor in 0.00 ms.
Unloading 17 Unused Serialized files (Serialized files now loaded: 0)
Unloading 8464 unused Assets / (5.5 MB). Loaded Objects now: 9283.
Memory consumption went from 173.9 MB to 168.5 MB.
Total: 27.249600 ms (FindLiveObjects: 2.034800 ms CreateObjectMapping: 3.263300 ms MarkObjects: 16.261300 ms  DeleteObjects: 5.688800 ms)

Unloading 0 Unused Serialized files (Serialized files now loaded: 0)
Unloading 0 unused Assets / (6.5 MB). Loaded Objects now: 9283.
Memory consumption went from 168.4 MB to 161.9 MB.
Total: 18.100900 ms (FindLiveObjects: 1.131700 ms CreateObjectMapping: 1.353600 ms MarkObjects: 12.652700 ms  DeleteObjects: 2.961400 ms)

Prepare: number of updated asset objects reloaded= 0
========================================================================
Received Prepare
Assembly reference Packages/com.unity.entities/Unity.Scenes.Editor/Internals/Properties/Unity.Properties.Internals.asmref has no target assembly definition
Assembly reference Packages/com.unity.entities/Unity.Scenes.Editor/Internals/Properties/Unity.Properties.Internals.asmref has no target assembly definition
Begin MonoManager ReloadAssembly
[Licensing::Client] Successfully resolved entitlement details
- Loaded All Assemblies, in  1.456 seconds
Assembly reference Packages/com.unity.entities/Unity.Scenes.Editor/Internals/Properties/Unity.Properties.Internals.asmref has no target assembly definition
Refreshing native plugins compatible for Editor in 2.65 ms, found 4 plugins.
Native extension for WindowsStandalone target not found
Assembly reference Packages/com.unity.entities/Unity.Scenes.Editor/Internals/Properties/Unity.Properties.Internals.asmref has no target assembly definition
TypeManager.Initialize took: 198ms
[Package Manager] Failed to launch server process. Reason: Unity was launched with the -noUpm command-line argument
[Package Manager] Unable to send message (not connected to server process).
[Package Manager] Cannot connect to Unity Package Manager local server
[MODES] ModeService[none].Initialize
[MODES] ModeService[none].LoadModes
ScheduleIndexationOnStartup MainProcess:False IndexOnStartup:True
Mono: successfully reloaded assembly
- Finished resetting the current domain, in  2.258 seconds
Domain Reload Profiling: 3708ms
	BeginReloadAssembly (400ms)
		ExecutionOrderSort (0ms)
		DisableScriptedObjects (11ms)
		BackupInstance (0ms)
		ReleaseScriptingObjects (0ms)
		CreateAndSetChildDomain (110ms)
	RebuildCommonClasses (59ms)
	RebuildNativeTypeToScriptingClass (23ms)
	initialDomainReloadingComplete (65ms)
	LoadAllAssembliesAndSetupDomain (900ms)
		LoadAssemblies (677ms)
		RebuildTransferFunctionScriptingTraits (0ms)
		AnalyzeDomain (399ms)
			TypeCache.Refresh (14ms)
				TypeCache.ScanAssembly (0ms)
			BuildScriptInfoCaches (358ms)
			ResolveRequiredComponents (18ms)
	FinalizeReload (2259ms)
		ReleaseScriptCaches (0ms)
		RebuildScriptCaches (0ms)
		SetupLoadedEditorAssemblies (1929ms)
			LogAssemblyErrors (0ms)
			InitializePlatformSupportModulesInManaged (2ms)
			SetLoadedEditorAssemblies (9ms)
			BeforeProcessingInitializeOnLoad (319ms)
			ProcessInitializeOnLoadAttributes (1067ms)
			ProcessInitializeOnLoadMethodAttributes (509ms)
			AfterProcessingInitializeOnLoad (22ms)
			EditorAssembliesLoaded (1ms)
		ExecutionOrderSort2 (0ms)
		AwakeInstancesAfterBackupRestoration (46ms)
Refreshing native plugins compatible for Editor in 4.05 ms, found 4 plugins.
Preloading 0 native plugins for Editor in 0.00 ms.
Unloading 17 Unused Serialized files (Serialized files now loaded: 0)
Unloading 8464 unused Assets / (5.2 MB). Loaded Objects now: 9283.
Memory consumption went from 173.9 MB to 168.7 MB.
Total: 30.560900 ms (FindLiveObjects: 1.590000 ms CreateObjectMapping: 3.996200 ms MarkObjects: 18.620100 ms  DeleteObjects: 6.353000 ms)

Unloading 0 Unused Serialized files (Serialized files now loaded: 0)
Unloading 0 unused Assets / (6.2 MB). Loaded Objects now: 9283.
Memory consumption went from 168.1 MB to 161.8 MB.
Total: 15.343000 ms (FindLiveObjects: 1.160300 ms CreateObjectMapping: 0.831100 ms MarkObjects: 11.296500 ms  DeleteObjects: 2.053700 ms)

Prepare: number of updated asset objects reloaded= 0
========================================================================
Received Prepare
Assembly reference Packages/com.unity.entities/Unity.Scenes.Editor/Internals/Properties/Unity.Properties.Internals.asmref has no target assembly definition
Assembly reference Packages/com.unity.entities/Unity.Scenes.Editor/Internals/Properties/Unity.Properties.Internals.asmref has no target assembly definition
Begin MonoManager ReloadAssembly
[Licensing::Client] Successfully resolved entitlement details
- Loaded All Assemblies, in  1.282 seconds
Assembly reference Packages/com.unity.entities/Unity.Scenes.Editor/Internals/Properties/Unity.Properties.Internals.asmref has no target assembly definition
Refreshing native plugins compatible for Editor in 2.23 ms, found 4 plugins.
Native extension for WindowsStandalone target not found
Assembly reference Packages/com.unity.entities/Unity.Scenes.Editor/Internals/Properties/Unity.Properties.Internals.asmref has no target assembly definition
TypeManager.Initialize took: 181ms
[Package Manager] Failed to launch server process. Reason: Unity was launched with the -noUpm command-line argument
[Package Manager] Unable to send message (not connected to server process).
[Package Manager] Cannot connect to Unity Package Manager local server
[MODES] ModeService[none].Initialize
[MODES] ModeService[none].LoadModes
ScheduleIndexationOnStartup MainProcess:False IndexOnStartup:True
Mono: successfully reloaded assembly
- Finished resetting the current domain, in  2.152 seconds
Domain Reload Profiling: 3431ms
	BeginReloadAssembly (353ms)
		ExecutionOrderSort (0ms)
		DisableScriptedObjects (9ms)
		BackupInstance (0ms)
		ReleaseScriptingObjects (0ms)
		CreateAndSetChildDomain (95ms)
	RebuildCommonClasses (53ms)
	RebuildNativeTypeToScriptingClass (21ms)
	initialDomainReloadingComplete (49ms)
	LoadAllAssembliesAndSetupDomain (804ms)
		LoadAssemblies (612ms)
		RebuildTransferFunctionScriptingTraits (0ms)
		AnalyzeDomain (343ms)
			TypeCache.Refresh (12ms)
				TypeCache.ScanAssembly (0ms)
			BuildScriptInfoCaches (309ms)
			ResolveRequiredComponents (15ms)
	FinalizeReload (2153ms)
		ReleaseScriptCaches (0ms)
		RebuildScriptCaches (0ms)
		SetupLoadedEditorAssemblies (1834ms)
			LogAssemblyErrors (0ms)
			InitializePlatformSupportModulesInManaged (2ms)
			SetLoadedEditorAssemblies (5ms)
			BeforeProcessingInitializeOnLoad (280ms)
			ProcessInitializeOnLoadAttributes (1025ms)
			ProcessInitializeOnLoadMethodAttributes (501ms)
			AfterProcessingInitializeOnLoad (19ms)
			EditorAssembliesLoaded (1ms)
		ExecutionOrderSort2 (0ms)
		AwakeInstancesAfterBackupRestoration (51ms)
Refreshing native plugins compatible for Editor in 2.65 ms, found 4 plugins.
Preloading 0 native plugins for Editor in 0.00 ms.
Unloading 17 Unused Serialized files (Serialized files now loaded: 0)
Unloading 8464 unused Assets / (5.2 MB). Loaded Objects now: 9283.
Memory consumption went from 174.0 MB to 168.8 MB.
Total: 21.509100 ms (FindLiveObjects: 1.490400 ms CreateObjectMapping: 2.584900 ms MarkObjects: 12.351000 ms  DeleteObjects: 5.081600 ms)

Unloading 0 Unused Serialized files (Serialized files now loaded: 0)
Unloading 0 unused Assets / (6.2 MB). Loaded Objects now: 9283.
Memory consumption went from 168.1 MB to 162.0 MB.
Total: 14.589500 ms (FindLiveObjects: 0.736400 ms CreateObjectMapping: 0.695000 ms MarkObjects: 10.836300 ms  DeleteObjects: 2.319900 ms)

Prepare: number of updated asset objects reloaded= 0
========================================================================
Received Prepare
Assembly reference Packages/com.unity.entities/Unity.Scenes.Editor/Internals/Properties/Unity.Properties.Internals.asmref has no target assembly definition
Assembly reference Packages/com.unity.entities/Unity.Scenes.Editor/Internals/Properties/Unity.Properties.Internals.asmref has no target assembly definition
Begin MonoManager ReloadAssembly
[Licensing::Client] Successfully resolved entitlement details
- Loaded All Assemblies, in  1.322 seconds
Assembly reference Packages/com.unity.entities/Unity.Scenes.Editor/Internals/Properties/Unity.Properties.Internals.asmref has no target assembly definition
Refreshing native plugins compatible for Editor in 2.12 ms, found 4 plugins.
Native extension for WindowsStandalone target not found
Assembly reference Packages/com.unity.entities/Unity.Scenes.Editor/Internals/Properties/Unity.Properties.Internals.asmref has no target assembly definition
TypeManager.Initialize took: 203ms
[Package Manager] Failed to launch server process. Reason: Unity was launched with the -noUpm command-line argument
[Package Manager] Unable to send message (not connected to server process).
[Package Manager] Cannot connect to Unity Package Manager local server
[MODES] ModeService[none].Initialize
[MODES] ModeService[none].LoadModes
ScheduleIndexationOnStartup MainProcess:False IndexOnStartup:True
Mono: successfully reloaded assembly
- Finished resetting the current domain, in  2.157 seconds
Domain Reload Profiling: 3477ms
	BeginReloadAssembly (378ms)
		ExecutionOrderSort (0ms)
		DisableScriptedObjects (9ms)
		BackupInstance (0ms)
		ReleaseScriptingObjects (0ms)
		CreateAndSetChildDomain (107ms)
	RebuildCommonClasses (59ms)
	RebuildNativeTypeToScriptingClass (22ms)
	initialDomainReloadingComplete (52ms)
	LoadAllAssembliesAndSetupDomain (807ms)
		LoadAssemblies (627ms)
		RebuildTransferFunctionScriptingTraits (0ms)
		AnalyzeDomain (352ms)
			TypeCache.Refresh (14ms)
				TypeCache.ScanAssembly (0ms)
			BuildScriptInfoCaches (313ms)
			ResolveRequiredComponents (16ms)
	FinalizeReload (2159ms)
		ReleaseScriptCaches (0ms)
		RebuildScriptCaches (0ms)
		SetupLoadedEditorAssemblies (1855ms)
			LogAssemblyErrors (0ms)
			InitializePlatformSupportModulesInManaged (3ms)
			SetLoadedEditorAssemblies (5ms)
			BeforeProcessingInitializeOnLoad (271ms)
			ProcessInitializeOnLoadAttributes (1021ms)
			ProcessInitializeOnLoadMethodAttributes (534ms)
			AfterProcessingInitializeOnLoad (20ms)
			EditorAssembliesLoaded (2ms)
		ExecutionOrderSort2 (0ms)
		AwakeInstancesAfterBackupRestoration (59ms)
Refreshing native plugins compatible for Editor in 2.68 ms, found 4 plugins.
Preloading 0 native plugins for Editor in 0.00 ms.
Unloading 17 Unused Serialized files (Serialized files now loaded: 0)
Unloading 8464 unused Assets / (5.7 MB). Loaded Objects now: 9283.
Memory consumption went from 174.0 MB to 168.3 MB.
Total: 24.256300 ms (FindLiveObjects: 1.239900 ms CreateObjectMapping: 3.476700 ms MarkObjects: 13.295000 ms  DeleteObjects: 6.242900 ms)

Unloading 0 Unused Serialized files (Serialized files now loaded: 0)
Unloading 0 unused Assets / (5.7 MB). Loaded Objects now: 9283.
Memory consumption went from 167.7 MB to 162.0 MB.
Total: 14.887600 ms (FindLiveObjects: 1.006200 ms CreateObjectMapping: 0.837200 ms MarkObjects: 10.554400 ms  DeleteObjects: 2.487500 ms)

Prepare: number of updated asset objects reloaded= 0
========================================================================
Received Prepare
Assembly reference Packages/com.unity.entities/Unity.Scenes.Editor/Internals/Properties/Unity.Properties.Internals.asmref has no target assembly definition
Assembly reference Packages/com.unity.entities/Unity.Scenes.Editor/Internals/Properties/Unity.Properties.Internals.asmref has no target assembly definition
Begin MonoManager ReloadAssembly
[Licensing::Client] Successfully resolved entitlement details
- Loaded All Assemblies, in  1.279 seconds
Assembly reference Packages/com.unity.entities/Unity.Scenes.Editor/Internals/Properties/Unity.Properties.Internals.asmref has no target assembly definition
Refreshing native plugins compatible for Editor in 2.50 ms, found 4 plugins.
Native extension for WindowsStandalone target not found
Assembly reference Packages/com.unity.entities/Unity.Scenes.Editor/Internals/Properties/Unity.Properties.Internals.asmref has no target assembly definition
TypeManager.Initialize took: 172ms
[Package Manager] Failed to launch server process. Reason: Unity was launched with the -noUpm command-line argument
[Package Manager] Unable to send message (not connected to server process).
[Package Manager] Cannot connect to Unity Package Manager local server
[MODES] ModeService[none].Initialize
[MODES] ModeService[none].LoadModes
ScheduleIndexationOnStartup MainProcess:False IndexOnStartup:True
Mono: successfully reloaded assembly
- Finished resetting the current domain, in  1.906 seconds
Domain Reload Profiling: 3179ms
	BeginReloadAssembly (353ms)
		ExecutionOrderSort (0ms)
		DisableScriptedObjects (10ms)
		BackupInstance (0ms)
		ReleaseScriptingObjects (0ms)
		CreateAndSetChildDomain (94ms)
	RebuildCommonClasses (53ms)
	RebuildNativeTypeToScriptingClass (21ms)
	initialDomainReloadingComplete (52ms)
	LoadAllAssembliesAndSetupDomain (794ms)
		LoadAssemblies (610ms)
		RebuildTransferFunctionScriptingTraits (0ms)
		AnalyzeDomain (338ms)
			TypeCache.Refresh (15ms)
				TypeCache.ScanAssembly (0ms)
			BuildScriptInfoCaches (302ms)
			ResolveRequiredComponents (14ms)
	FinalizeReload (1907ms)
		ReleaseScriptCaches (0ms)
		RebuildScriptCaches (0ms)
		SetupLoadedEditorAssemblies (1649ms)
			LogAssemblyErrors (0ms)
			InitializePlatformSupportModulesInManaged (2ms)
			SetLoadedEditorAssemblies (5ms)
			BeforeProcessingInitializeOnLoad (279ms)
			ProcessInitializeOnLoadAttributes (960ms)
			ProcessInitializeOnLoadMethodAttributes (390ms)
			AfterProcessingInitializeOnLoad (12ms)
			EditorAssembliesLoaded (1ms)
		ExecutionOrderSort2 (0ms)
		AwakeInstancesAfterBackupRestoration (30ms)
Refreshing native plugins compatible for Editor in 3.64 ms, found 4 plugins.
Preloading 0 native plugins for Editor in 0.00 ms.
Unloading 17 Unused Serialized files (Serialized files now loaded: 0)
Unloading 8464 unused Assets / (5.3 MB). Loaded Objects now: 9283.
Memory consumption went from 174.1 MB to 168.8 MB.
Total: 44.300100 ms (FindLiveObjects: 3.378800 ms CreateObjectMapping: 6.943200 ms MarkObjects: 24.084000 ms  DeleteObjects: 9.890500 ms)

Unloading 0 Unused Serialized files (Serialized files now loaded: 0)
Unloading 0 unused Assets / (6.2 MB). Loaded Objects now: 9283.
Memory consumption went from 168.2 MB to 162.0 MB.
Total: 36.404000 ms (FindLiveObjects: 2.246100 ms CreateObjectMapping: 1.761300 ms MarkObjects: 23.588100 ms  DeleteObjects: 8.805100 ms)

Prepare: number of updated asset objects reloaded= 0
========================================================================
Received Prepare
Assembly reference Packages/com.unity.entities/Unity.Scenes.Editor/Internals/Properties/Unity.Properties.Internals.asmref has no target assembly definition
Assembly reference Packages/com.unity.entities/Unity.Scenes.Editor/Internals/Properties/Unity.Properties.Internals.asmref has no target assembly definition
Begin MonoManager ReloadAssembly
[Licensing::Client] Successfully resolved entitlement details
- Loaded All Assemblies, in  1.405 seconds
Assembly reference Packages/com.unity.entities/Unity.Scenes.Editor/Internals/Properties/Unity.Properties.Internals.asmref has no target assembly definition
Refreshing native plugins compatible for Editor in 2.54 ms, found 4 plugins.
Native extension for WindowsStandalone target not found
Assembly reference Packages/com.unity.entities/Unity.Scenes.Editor/Internals/Properties/Unity.Properties.Internals.asmref has no target assembly definition
TypeManager.Initialize took: 185ms
[Package Manager] Failed to launch server process. Reason: Unity was launched with the -noUpm command-line argument
[Package Manager] Unable to send message (not connected to server process).
[Package Manager] Cannot connect to Unity Package Manager local server
[MODES] ModeService[none].Initialize
[MODES] ModeService[none].LoadModes
ScheduleIndexationOnStartup MainProcess:False IndexOnStartup:True
Mono: successfully reloaded assembly
- Finished resetting the current domain, in  1.980 seconds
Domain Reload Profiling: 3381ms
	BeginReloadAssembly (397ms)
		ExecutionOrderSort (0ms)
		DisableScriptedObjects (10ms)
		BackupInstance (0ms)
		ReleaseScriptingObjects (0ms)
		CreateAndSetChildDomain (113ms)
	RebuildCommonClasses (66ms)
	RebuildNativeTypeToScriptingClass (23ms)
	initialDomainReloadingComplete (50ms)
	LoadAllAssembliesAndSetupDomain (865ms)
		LoadAssemblies (626ms)
		RebuildTransferFunctionScriptingTraits (0ms)
		AnalyzeDomain (401ms)
			TypeCache.Refresh (14ms)
				TypeCache.ScanAssembly (0ms)
			BuildScriptInfoCaches (364ms)
			ResolveRequiredComponents (15ms)
	FinalizeReload (1981ms)
		ReleaseScriptCaches (0ms)
		RebuildScriptCaches (0ms)
		SetupLoadedEditorAssemblies (1723ms)
			LogAssemblyErrors (0ms)
			InitializePlatformSupportModulesInManaged (2ms)
			SetLoadedEditorAssemblies (5ms)
			BeforeProcessingInitializeOnLoad (327ms)
			ProcessInitializeOnLoadAttributes (990ms)
			ProcessInitializeOnLoadMethodAttributes (386ms)
			AfterProcessingInitializeOnLoad (12ms)
			EditorAssembliesLoaded (1ms)
		ExecutionOrderSort2 (0ms)
		AwakeInstancesAfterBackupRestoration (26ms)
Refreshing native plugins compatible for Editor in 3.30 ms, found 4 plugins.
Preloading 0 native plugins for Editor in 0.00 ms.
Unloading 17 Unused Serialized files (Serialized files now loaded: 0)
Unloading 8464 unused Assets / (5.3 MB). Loaded Objects now: 9283.
Memory consumption went from 174.1 MB to 168.8 MB.
Total: 29.066200 ms (FindLiveObjects: 1.511200 ms CreateObjectMapping: 2.974000 ms MarkObjects: 16.326500 ms  DeleteObjects: 8.253200 ms)

Unloading 0 Unused Serialized files (Serialized files now loaded: 0)
Unloading 0 unused Assets / (6.1 MB). Loaded Objects now: 9283.
Memory consumption went from 168.2 MB to 162.1 MB.
Total: 20.088700 ms (FindLiveObjects: 1.591900 ms CreateObjectMapping: 1.700100 ms MarkObjects: 14.122600 ms  DeleteObjects: 2.671000 ms)

Prepare: number of updated asset objects reloaded= 0
========================================================================
Received Prepare
Assembly reference Packages/com.unity.entities/Unity.Scenes.Editor/Internals/Properties/Unity.Properties.Internals.asmref has no target assembly definition
Assembly reference Packages/com.unity.entities/Unity.Scenes.Editor/Internals/Properties/Unity.Properties.Internals.asmref has no target assembly definition
Begin MonoManager ReloadAssembly
[Licensing::Client] Successfully resolved entitlement details
- Loaded All Assemblies, in  1.319 seconds
Assembly reference Packages/com.unity.entities/Unity.Scenes.Editor/Internals/Properties/Unity.Properties.Internals.asmref has no target assembly definition
Refreshing native plugins compatible for Editor in 2.26 ms, found 4 plugins.
Native extension for WindowsStandalone target not found
Assembly reference Packages/com.unity.entities/Unity.Scenes.Editor/Internals/Properties/Unity.Properties.Internals.asmref has no target assembly definition
TypeManager.Initialize took: 226ms
[Package Manager] Failed to launch server process. Reason: Unity was launched with the -noUpm command-line argument
[Package Manager] Unable to send message (not connected to server process).
[Package Manager] Cannot connect to Unity Package Manager local server
[MODES] ModeService[none].Initialize
[MODES] ModeService[none].LoadModes
ScheduleIndexationOnStartup MainProcess:False IndexOnStartup:True
Mono: successfully reloaded assembly
- Finished resetting the current domain, in  2.238 seconds
Domain Reload Profiling: 3555ms
	BeginReloadAssembly (385ms)
		ExecutionOrderSort (0ms)
		DisableScriptedObjects (10ms)
		BackupInstance (0ms)
		ReleaseScriptingObjects (0ms)
		CreateAndSetChildDomain (100ms)
	RebuildCommonClasses (58ms)
	RebuildNativeTypeToScriptingClass (23ms)
	initialDomainReloadingComplete (50ms)
	LoadAllAssembliesAndSetupDomain (798ms)
		LoadAssemblies (599ms)
		RebuildTransferFunctionScriptingTraits (0ms)
		AnalyzeDomain (362ms)
			TypeCache.Refresh (12ms)
				TypeCache.ScanAssembly (0ms)
			BuildScriptInfoCaches (326ms)
			ResolveRequiredComponents (16ms)
	FinalizeReload (2240ms)
		ReleaseScriptCaches (0ms)
		RebuildScriptCaches (0ms)
		SetupLoadedEditorAssemblies (1953ms)
			LogAssemblyErrors (0ms)
			InitializePlatformSupportModulesInManaged (2ms)
			SetLoadedEditorAssemblies (6ms)
			BeforeProcessingInitializeOnLoad (298ms)
			ProcessInitializeOnLoadAttributes (1143ms)
			ProcessInitializeOnLoadMethodAttributes (489ms)
			AfterProcessingInitializeOnLoad (13ms)
			EditorAssembliesLoaded (1ms)
		ExecutionOrderSort2 (0ms)
		AwakeInstancesAfterBackupRestoration (32ms)
Refreshing native plugins compatible for Editor in 3.34 ms, found 4 plugins.
Preloading 0 native plugins for Editor in 0.00 ms.
Unloading 17 Unused Serialized files (Serialized files now loaded: 0)
Unloading 8464 unused Assets / (5.4 MB). Loaded Objects now: 9283.
Memory consumption went from 174.1 MB to 168.7 MB.
Total: 28.718000 ms (FindLiveObjects: 2.384200 ms CreateObjectMapping: 3.618300 ms MarkObjects: 16.113900 ms  DeleteObjects: 6.598400 ms)

Unloading 0 Unused Serialized files (Serialized files now loaded: 0)
Unloading 0 unused Assets / (6.0 MB). Loaded Objects now: 9283.
Memory consumption went from 168.1 MB to 162.1 MB.
Total: 15.706900 ms (FindLiveObjects: 1.142500 ms CreateObjectMapping: 1.026600 ms MarkObjects: 10.080700 ms  DeleteObjects: 3.455300 ms)

Prepare: number of updated asset objects reloaded= 0
========================================================================
Received Prepare
Assembly reference Packages/com.unity.entities/Unity.Scenes.Editor/Internals/Properties/Unity.Properties.Internals.asmref has no target assembly definition
Assembly reference Packages/com.unity.entities/Unity.Scenes.Editor/Internals/Properties/Unity.Properties.Internals.asmref has no target assembly definition
Begin MonoManager ReloadAssembly
[Licensing::Client] Successfully resolved entitlement details
- Loaded All Assemblies, in  1.346 seconds
Assembly reference Packages/com.unity.entities/Unity.Scenes.Editor/Internals/Properties/Unity.Properties.Internals.asmref has no target assembly definition
Refreshing native plugins compatible for Editor in 2.28 ms, found 4 plugins.
Native extension for WindowsStandalone target not found
Assembly reference Packages/com.unity.entities/Unity.Scenes.Editor/Internals/Properties/Unity.Properties.Internals.asmref has no target assembly definition
TypeManager.Initialize took: 175ms
[Package Manager] Failed to launch server process. Reason: Unity was launched with the -noUpm command-line argument
[Package Manager] Unable to send message (not connected to server process).
[Package Manager] Cannot connect to Unity Package Manager local server
[MODES] ModeService[none].Initialize
[MODES] ModeService[none].LoadModes
ScheduleIndexationOnStartup MainProcess:False IndexOnStartup:True
Mono: successfully reloaded assembly
- Finished resetting the current domain, in  1.976 seconds
Domain Reload Profiling: 3318ms
	BeginReloadAssembly (362ms)
		ExecutionOrderSort (0ms)
		DisableScriptedObjects (11ms)
		BackupInstance (0ms)
		ReleaseScriptingObjects (0ms)
		CreateAndSetChildDomain (107ms)
	RebuildCommonClasses (67ms)
	RebuildNativeTypeToScriptingClass (23ms)
	initialDomainReloadingComplete (47ms)
	LoadAllAssembliesAndSetupDomain (841ms)
		LoadAssemblies (615ms)
		RebuildTransferFunctionScriptingTraits (0ms)
		AnalyzeDomain (378ms)
			TypeCache.Refresh (11ms)
				TypeCache.ScanAssembly (0ms)
			BuildScriptInfoCaches (343ms)
			ResolveRequiredComponents (15ms)
	FinalizeReload (1977ms)
		ReleaseScriptCaches (0ms)
		RebuildScriptCaches (0ms)
		SetupLoadedEditorAssemblies (1730ms)
			LogAssemblyErrors (0ms)
			InitializePlatformSupportModulesInManaged (2ms)
			SetLoadedEditorAssemblies (5ms)
			BeforeProcessingInitializeOnLoad (268ms)
			ProcessInitializeOnLoadAttributes (1016ms)
			ProcessInitializeOnLoadMethodAttributes (424ms)
			AfterProcessingInitializeOnLoad (14ms)
			EditorAssembliesLoaded (1ms)
		ExecutionOrderSort2 (0ms)
		AwakeInstancesAfterBackupRestoration (28ms)
Refreshing native plugins compatible for Editor in 3.23 ms, found 4 plugins.
Preloading 0 native plugins for Editor in 0.00 ms.
Unloading 17 Unused Serialized files (Serialized files now loaded: 0)
Unloading 8464 unused Assets / (5.7 MB). Loaded Objects now: 9283.
Memory consumption went from 174.2 MB to 168.5 MB.
Total: 26.308000 ms (FindLiveObjects: 1.789300 ms CreateObjectMapping: 3.384200 ms MarkObjects: 15.084900 ms  DeleteObjects: 6.047500 ms)

Unloading 0 Unused Serialized files (Serialized files now loaded: 0)
Unloading 0 unused Assets / (6.3 MB). Loaded Objects now: 9283.
Memory consumption went from 168.5 MB to 162.2 MB.
Total: 25.962700 ms (FindLiveObjects: 1.443800 ms CreateObjectMapping: 0.951800 ms MarkObjects: 18.694900 ms  DeleteObjects: 4.868500 ms)

Prepare: number of updated asset objects reloaded= 0
========================================================================
Received Prepare
Assembly reference Packages/com.unity.entities/Unity.Scenes.Editor/Internals/Properties/Unity.Properties.Internals.asmref has no target assembly definition
Assembly reference Packages/com.unity.entities/Unity.Scenes.Editor/Internals/Properties/Unity.Properties.Internals.asmref has no target assembly definition
Begin MonoManager ReloadAssembly
- Loaded All Assemblies, in  1.294 seconds
Assembly reference Packages/com.unity.entities/Unity.Scenes.Editor/Internals/Properties/Unity.Properties.Internals.asmref has no target assembly definition
Refreshing native plugins compatible for Editor in 2.11 ms, found 4 plugins.
Native extension for WindowsStandalone target not found
Assembly reference Packages/com.unity.entities/Unity.Scenes.Editor/Internals/Properties/Unity.Properties.Internals.asmref has no target assembly definition
TypeManager.Initialize took: 171ms
[Package Manager] Failed to launch server process. Reason: Unity was launched with the -noUpm command-line argument
[Package Manager] Unable to send message (not connected to server process).
[Package Manager] Cannot connect to Unity Package Manager local server
[MODES] ModeService[none].Initialize
[MODES] ModeService[none].LoadModes
ScheduleIndexationOnStartup MainProcess:False IndexOnStartup:True
Mono: successfully reloaded assembly
- Finished resetting the current domain, in  1.942 seconds
Domain Reload Profiling: 3233ms
	BeginReloadAssembly (345ms)
		ExecutionOrderSort (0ms)
		DisableScriptedObjects (9ms)
		BackupInstance (0ms)
		ReleaseScriptingObjects (0ms)
		CreateAndSetChildDomain (96ms)
	RebuildCommonClasses (57ms)
	RebuildNativeTypeToScriptingClass (28ms)
	initialDomainReloadingComplete (53ms)
	LoadAllAssembliesAndSetupDomain (807ms)
		LoadAssemblies (594ms)
		RebuildTransferFunctionScriptingTraits (0ms)
		AnalyzeDomain (359ms)
			TypeCache.Refresh (11ms)
				TypeCache.ScanAssembly (0ms)
			BuildScriptInfoCaches (324ms)
			ResolveRequiredComponents (16ms)
	FinalizeReload (1943ms)
		ReleaseScriptCaches (0ms)
		RebuildScriptCaches (0ms)
		SetupLoadedEditorAssemblies (1675ms)
			LogAssemblyErrors (0ms)
			InitializePlatformSupportModulesInManaged (2ms)
			SetLoadedEditorAssemblies (5ms)
			BeforeProcessingInitializeOnLoad (280ms)
			ProcessInitializeOnLoadAttributes (989ms)
			ProcessInitializeOnLoadMethodAttributes (385ms)
			AfterProcessingInitializeOnLoad (14ms)
			EditorAssembliesLoaded (1ms)
		ExecutionOrderSort2 (0ms)
		AwakeInstancesAfterBackupRestoration (30ms)
Refreshing native plugins compatible for Editor in 2.73 ms, found 4 plugins.
Preloading 0 native plugins for Editor in 0.00 ms.
Unloading 17 Unused Serialized files (Serialized files now loaded: 0)
Unloading 8464 unused Assets / (5.9 MB). Loaded Objects now: 9283.
Memory consumption went from 174.3 MB to 168.3 MB.
Total: 22.842200 ms (FindLiveObjects: 1.294700 ms CreateObjectMapping: 2.662900 ms MarkObjects: 12.781300 ms  DeleteObjects: 6.102000 ms)

Unloading 0 Unused Serialized files (Serialized files now loaded: 0)
Unloading 0 unused Assets / (6.1 MB). Loaded Objects now: 9283.
Memory consumption went from 168.3 MB to 162.2 MB.
Total: 14.943000 ms (FindLiveObjects: 0.829300 ms CreateObjectMapping: 0.879400 ms MarkObjects: 11.697400 ms  DeleteObjects: 1.535600 ms)

Prepare: number of updated asset objects reloaded= 0
========================================================================
Received Prepare
Assembly reference Packages/com.unity.entities/Unity.Scenes.Editor/Internals/Properties/Unity.Properties.Internals.asmref has no target assembly definition
Assembly reference Packages/com.unity.entities/Unity.Scenes.Editor/Internals/Properties/Unity.Properties.Internals.asmref has no target assembly definition
Begin MonoManager ReloadAssembly
[Licensing::Client] Successfully resolved entitlement details
- Loaded All Assemblies, in  1.430 seconds
Assembly reference Packages/com.unity.entities/Unity.Scenes.Editor/Internals/Properties/Unity.Properties.Internals.asmref has no target assembly definition
Refreshing native plugins compatible for Editor in 2.15 ms, found 4 plugins.
Native extension for WindowsStandalone target not found
Assembly reference Packages/com.unity.entities/Unity.Scenes.Editor/Internals/Properties/Unity.Properties.Internals.asmref has no target assembly definition
TypeManager.Initialize took: 195ms
[Package Manager] Failed to launch server process. Reason: Unity was launched with the -noUpm command-line argument
[Package Manager] Unable to send message (not connected to server process).
[Package Manager] Cannot connect to Unity Package Manager local server
[MODES] ModeService[none].Initialize
[MODES] ModeService[none].LoadModes
ScheduleIndexationOnStartup MainProcess:False IndexOnStartup:True
Mono: successfully reloaded assembly
- Finished resetting the current domain, in  2.111 seconds
Domain Reload Profiling: 3538ms
	BeginReloadAssembly (385ms)
		ExecutionOrderSort (0ms)
		DisableScriptedObjects (10ms)
		BackupInstance (0ms)
		ReleaseScriptingObjects (0ms)
		CreateAndSetChildDomain (106ms)
	RebuildCommonClasses (76ms)
	RebuildNativeTypeToScriptingClass (22ms)
	initialDomainReloadingComplete (50ms)
	LoadAllAssembliesAndSetupDomain (892ms)
		LoadAssemblies (644ms)
		RebuildTransferFunctionScriptingTraits (0ms)
		AnalyzeDomain (421ms)
			TypeCache.Refresh (17ms)
				TypeCache.ScanAssembly (0ms)
			BuildScriptInfoCaches (377ms)
			ResolveRequiredComponents (18ms)
	FinalizeReload (2112ms)
		ReleaseScriptCaches (0ms)
		RebuildScriptCaches (0ms)
		SetupLoadedEditorAssemblies (1851ms)
			LogAssemblyErrors (0ms)
			InitializePlatformSupportModulesInManaged (2ms)
			SetLoadedEditorAssemblies (6ms)
			BeforeProcessingInitializeOnLoad (323ms)
			ProcessInitializeOnLoadAttributes (1104ms)
			ProcessInitializeOnLoadMethodAttributes (402ms)
			AfterProcessingInitializeOnLoad (12ms)
			EditorAssembliesLoaded (1ms)
		ExecutionOrderSort2 (0ms)
		AwakeInstancesAfterBackupRestoration (31ms)
Refreshing native plugins compatible for Editor in 3.63 ms, found 4 plugins.
Preloading 0 native plugins for Editor in 0.00 ms.
Unloading 17 Unused Serialized files (Serialized files now loaded: 0)
Unloading 8464 unused Assets / (5.5 MB). Loaded Objects now: 9283.
Memory consumption went from 174.3 MB to 168.8 MB.
Total: 27.422600 ms (FindLiveObjects: 1.463900 ms CreateObjectMapping: 3.257000 ms MarkObjects: 15.485900 ms  DeleteObjects: 7.214300 ms)

Unloading 0 Unused Serialized files (Serialized files now loaded: 0)
Unloading 0 unused Assets / (6.5 MB). Loaded Objects now: 9283.
Memory consumption went from 168.7 MB to 162.2 MB.
Total: 23.046300 ms (FindLiveObjects: 1.461100 ms CreateObjectMapping: 1.307000 ms MarkObjects: 17.199700 ms  DeleteObjects: 3.075800 ms)

Prepare: number of updated asset objects reloaded= 0
========================================================================
Received Prepare
Assembly reference Packages/com.unity.entities/Unity.Scenes.Editor/Internals/Properties/Unity.Properties.Internals.asmref has no target assembly definition
Assembly reference Packages/com.unity.entities/Unity.Scenes.Editor/Internals/Properties/Unity.Properties.Internals.asmref has no target assembly definition
Begin MonoManager ReloadAssembly
[Licensing::Client] Successfully resolved entitlement details
- Loaded All Assemblies, in  1.306 seconds
Assembly reference Packages/com.unity.entities/Unity.Scenes.Editor/Internals/Properties/Unity.Properties.Internals.asmref has no target assembly definition
Refreshing native plugins compatible for Editor in 2.15 ms, found 4 plugins.
Native extension for WindowsStandalone target not found
Assembly reference Packages/com.unity.entities/Unity.Scenes.Editor/Internals/Properties/Unity.Properties.Internals.asmref has no target assembly definition
TypeManager.Initialize took: 232ms
[Package Manager] Failed to launch server process. Reason: Unity was launched with the -noUpm command-line argument
[Package Manager] Unable to send message (not connected to server process).
[Package Manager] Cannot connect to Unity Package Manager local server
[MODES] ModeService[none].Initialize
[MODES] ModeService[none].LoadModes
ScheduleIndexationOnStartup MainProcess:False IndexOnStartup:True
Mono: successfully reloaded assembly
- Finished resetting the current domain, in  2.000 seconds
Domain Reload Profiling: 3304ms
	BeginReloadAssembly (357ms)
		ExecutionOrderSort (0ms)
		DisableScriptedObjects (9ms)
		BackupInstance (0ms)
		ReleaseScriptingObjects (0ms)
		CreateAndSetChildDomain (108ms)
	RebuildCommonClasses (53ms)
	RebuildNativeTypeToScriptingClass (21ms)
	initialDomainReloadingComplete (49ms)
	LoadAllAssembliesAndSetupDomain (822ms)
		LoadAssemblies (623ms)
		RebuildTransferFunctionScriptingTraits (0ms)
		AnalyzeDomain (347ms)
			TypeCache.Refresh (12ms)
				TypeCache.ScanAssembly (0ms)
			BuildScriptInfoCaches (314ms)
			ResolveRequiredComponents (15ms)
	FinalizeReload (2001ms)
		ReleaseScriptCaches (0ms)
		RebuildScriptCaches (0ms)
		SetupLoadedEditorAssemblies (1743ms)
			LogAssemblyErrors (0ms)
			InitializePlatformSupportModulesInManaged (2ms)
			SetLoadedEditorAssemblies (6ms)
			BeforeProcessingInitializeOnLoad (298ms)
			ProcessInitializeOnLoadAttributes (1017ms)
			ProcessInitializeOnLoadMethodAttributes (406ms)
			AfterProcessingInitializeOnLoad (14ms)
			EditorAssembliesLoaded (1ms)
		ExecutionOrderSort2 (0ms)
		AwakeInstancesAfterBackupRestoration (33ms)
Refreshing native plugins compatible for Editor in 2.77 ms, found 4 plugins.
Preloading 0 native plugins for Editor in 0.00 ms.
Unloading 17 Unused Serialized files (Serialized files now loaded: 0)
Unloading 8464 unused Assets / (5.5 MB). Loaded Objects now: 9283.
Memory consumption went from 174.3 MB to 168.8 MB.
Total: 24.035300 ms (FindLiveObjects: 1.654800 ms CreateObjectMapping: 2.136500 ms MarkObjects: 14.163200 ms  DeleteObjects: 6.079600 ms)

Unloading 0 Unused Serialized files (Serialized files now loaded: 0)
Unloading 0 unused Assets / (5.9 MB). Loaded Objects now: 9283.
Memory consumption went from 168.2 MB to 162.3 MB.
Total: 27.096100 ms (FindLiveObjects: 0.999100 ms CreateObjectMapping: 1.330000 ms MarkObjects: 21.856400 ms  DeleteObjects: 2.906700 ms)

Prepare: number of updated asset objects reloaded= 0
========================================================================
Received Import Request.
  Time since last request: 2240.313925 seconds.
  path: Assets/Animation/P6-R.anim
  artifactKey: Guid(78b8968b0290b2a46bfe4252ced56e97) Importer(2089858483,b0f066a214c2f5e87bad3c948f4d605d)
Start importing Assets/Animation/P6-R.anim using Guid(78b8968b0290b2a46bfe4252ced56e97) Importer(2089858483,b0f066a214c2f5e87bad3c948f4d605d) (ScriptedImporter) -> (artifact id: 'cd71c6d89ec295f379f021a411af8acf') in 0.1399689 seconds
Number of updated asset objects reloaded before import = 0Number of asset objects unloaded after import = 1

========================================================================
Received Import Request.
  Time since last request: 0.000030 seconds.
  path: Assets/Animation/O1-Push.anim
  artifactKey: Guid(14808d614b260414ba2a8a9a20ba27e1) Importer(2089858483,b0f066a214c2f5e87bad3c948f4d605d)
Start importing Assets/Animation/O1-Push.anim using Guid(14808d614b260414ba2a8a9a20ba27e1) Importer(2089858483,b0f066a214c2f5e87bad3c948f4d605d) (ScriptedImporter) -> (artifact id: '7a87ef6ee4da28a60eb0d5ff8b5ad9f1') in 0.0083499 seconds
Number of updated asset objects reloaded before import = 0Number of asset objects unloaded after import = 1

========================================================================
Received Import Request.
  Time since last request: 0.000029 seconds.
  path: Assets/Animation/P5-R.anim
  artifactKey: Guid(6bad872ff5d1d1a439fd7ded8c91e176) Importer(2089858483,b0f066a214c2f5e87bad3c948f4d605d)
Start importing Assets/Animation/P5-R.anim using Guid(6bad872ff5d1d1a439fd7ded8c91e176) Importer(2089858483,b0f066a214c2f5e87bad3c948f4d605d) (ScriptedImporter) -> (artifact id: '5b14cf62f7e1064bc1b13128fb9d88c9') in 0.0081741 seconds
Number of updated asset objects reloaded before import = 0Number of asset objects unloaded after import = 1

========================================================================
Received Import Request.
  Time since last request: 52.658110 seconds.
  path: Assets/Color/Tourquise.mat
  artifactKey: Guid(347dfdeb483a0b0488bb7b0067047a9b) Importer(815301076,1909f56bfc062723c751e8b465ee728b)
Start importing Assets/Color/Tourquise.mat using Guid(347dfdeb483a0b0488bb7b0067047a9b) Importer(815301076,1909f56bfc062723c751e8b465ee728b) (PreviewImporter) -> (artifact id: 'b54ace6dcdad12a90403a06738f851c6') in 0.648688 seconds
Number of updated asset objects reloaded before import = 0Number of asset objects unloaded after import = 1

========================================================================
Received Import Request.
  Time since last request: 0.267157 seconds.
  path: Assets/Color/Pink.mat
  artifactKey: Guid(2074ce6fce658ee4f9ea25422fd89e07) Importer(2089858483,b0f066a214c2f5e87bad3c948f4d605d)
Start importing Assets/Color/Pink.mat using Guid(2074ce6fce658ee4f9ea25422fd89e07) Importer(2089858483,b0f066a214c2f5e87bad3c948f4d605d) (ScriptedImporter) -> (artifact id: 'c742231d5943089172fe9647878e008f') in 0.0167155 seconds
Number of updated asset objects reloaded before import = 0Number of asset objects unloaded after import = 1

========================================================================
Received Import Request.
  Time since last request: 84.813406 seconds.
  path: Assets/Color/Turquoise.mat
  artifactKey: Guid(347dfdeb483a0b0488bb7b0067047a9b) Importer(815301076,1909f56bfc062723c751e8b465ee728b)
Start importing Assets/Color/Turquoise.mat using Guid(347dfdeb483a0b0488bb7b0067047a9b) Importer(815301076,1909f56bfc062723c751e8b465ee728b) (PreviewImporter) -> (artifact id: '09cc7799be6691a7920ec63b3ce243bf') in 0.0170881 seconds
Number of updated asset objects reloaded before import = 0Number of asset objects unloaded after import = 1

========================================================================
Received Import Request.
  Time since last request: 0.905924 seconds.
  path: Assets/Color/Turquoise.mat
  artifactKey: Guid(347dfdeb483a0b0488bb7b0067047a9b) Importer(2089858483,b0f066a214c2f5e87bad3c948f4d605d)
Start importing Assets/Color/Turquoise.mat using Guid(347dfdeb483a0b0488bb7b0067047a9b) Importer(2089858483,b0f066a214c2f5e87bad3c948f4d605d) (ScriptedImporter) -> (artifact id: '356fd901b9325db444579520e55fe74a') in 0.0087888 seconds
Number of updated asset objects reloaded before import = 0Number of asset objects unloaded after import = 1

========================================================================
Received Import Request.
  Time since last request: 20.539941 seconds.
  path: Assets/Scenes/SampleScene.unity
  artifactKey: Guid(99c9720ab356a0642a771bea13969a05) Importer(2089858483,b0f066a214c2f5e87bad3c948f4d605d)
Start importing Assets/Scenes/SampleScene.unity using Guid(99c9720ab356a0642a771bea13969a05) Importer(2089858483,b0f066a214c2f5e87bad3c948f4d605d) (ScriptedImporter) -> (artifact id: 'ea28e82996d4a88a8384039be30b5b88') in 0.014522 seconds
Number of updated asset objects reloaded before import = 0Number of asset objects unloaded after import = 1

